This is pdfTeX, Version 3.141592653-2.6-1.40.29 (TeX Live 2026) (preloaded format=pdflatex 2026.5.23)  14 JUL 2026 18:33
entering extended mode
 restricted \write18 enabled.
 %&-line parsing enabled.
**section-2.tex
(./section-2.tex
LaTeX2e <2025-11-01>
L3 programming layer <2026-04-28>
! Undefined control sequence.
l.1 \section
            {Components of Homogenous $\Phi$}
The control sequence at the end of the top line
of your error message was never \def'ed. If you have
misspelled it (e.g., `\hobx'), type `I' and the correct
spelling (e.g., `I\hbox'). Otherwise just continue,
and I'll forget about whatever was undefined.


! LaTeX Error: Missing \begin{document}.

See the LaTeX manual or LaTeX Companion for explanation.
Type  H <return>  for immediate help.
 ...                                              
                                                  
l.1 \section{C
              omponents of Homogenous $\Phi$}
You're in trouble here.  Try typing  <return>  to proceed.
If that doesn't work, type  X <return>  to quit.

Missing character: There is no C in font nullfont!
Missing character: There is no o in font nullfont!
Missing character: There is no m in font nullfont!
Missing character: There is no p in font nullfont!
Missing character: There is no o in font nullfont!
Missing character: There is no n in font nullfont!
Missing character: There is no e in font nullfont!
Missing character: There is no n in font nullfont!
Missing character: There is no t in font nullfont!
Missing character: There is no s in font nullfont!
Missing character: There is no o in font nullfont!
Missing character: There is no f in font nullfont!
Missing character: There is no H in font nullfont!
Missing character: There is no o in font nullfont!
Missing character: There is no m in font nullfont!
Missing character: There is no o in font nullfont!
Missing character: There is no g in font nullfont!
Missing character: There is no e in font nullfont!
Missing character: There is no n in font nullfont!
Missing character: There is no o in font nullfont!
Missing character: There is no u in font nullfont!
Missing character: There is no s in font nullfont!
LaTeX Font Info:    External font `cmex10' loaded for size
(Font)              <7> on input line 1.
LaTeX Font Info:    External font `cmex10' loaded for size
(Font)              <5> on input line 1.

Overfull \hbox (20.0pt too wide) in paragraph at lines 1--2
[]
 []


Overfull \hbox (7.22223pt too wide) in paragraph at lines 1--2
\OT1/cmr/m/n/10 ^^H$ 
 []


! LaTeX Error: Missing \begin{document}.

See the LaTeX manual or LaTeX Companion for explanation.
Type  H <return>  for immediate help.
 ...                                              
                                                  
l.3 I
     n this section, I express how one achieves a metric perturbation that f...

You're in trouble here.  Try typing  <return>  to proceed.
If that doesn't work, type  X <return>  to quit.

Missing character: There is no I in font nullfont!
Missing character: There is no n in font nullfont!
Missing character: There is no t in font nullfont!
Missing character: There is no h in font nullfont!
Missing character: There is no i in font nullfont!
Missing character: There is no s in font nullfont!
Missing character: There is no s in font nullfont!
Missing character: There is no e in font nullfont!
Missing character: There is no c in font nullfont!
Missing character: There is no t in font nullfont!
Missing character: There is no i in font nullfont!
Missing character: There is no o in font nullfont!
Missing character: There is no n in font nullfont!
Missing character: There is no , in font nullfont!
Missing character: There is no I in font nullfont!
Missing character: There is no e in font nullfont!
Missing character: There is no x in font nullfont!
Missing character: There is no p in font nullfont!
Missing character: There is no r in font nullfont!
Missing character: There is no e in font nullfont!
Missing character: There is no s in font nullfont!
Missing character: There is no s in font nullfont!
Missing character: There is no h in font nullfont!
Missing character: There is no o in font nullfont!
Missing character: There is no w in font nullfont!
Missing character: There is no o in font nullfont!
Missing character: There is no n in font nullfont!
Missing character: There is no e in font nullfont!
Missing character: There is no a in font nullfont!
Missing character: There is no c in font nullfont!
Missing character: There is no h in font nullfont!
Missing character: There is no i in font nullfont!
Missing character: There is no e in font nullfont!
Missing character: There is no v in font nullfont!
Missing character: There is no e in font nullfont!
Missing character: There is no s in font nullfont!
Missing character: There is no a in font nullfont!
Missing character: There is no m in font nullfont!
Missing character: There is no e in font nullfont!
Missing character: There is no t in font nullfont!
Missing character: There is no r in font nullfont!
Missing character: There is no i in font nullfont!
Missing character: There is no c in font nullfont!
Missing character: There is no p in font nullfont!
Missing character: There is no e in font nullfont!
Missing character: There is no r in font nullfont!
Missing character: There is no t in font nullfont!
Missing character: There is no u in font nullfont!
Missing character: There is no r in font nullfont!
Missing character: There is no b in font nullfont!
Missing character: There is no a in font nullfont!
Missing character: There is no t in font nullfont!
Missing character: There is no i in font nullfont!
Missing character: There is no o in font nullfont!
Missing character: There is no n in font nullfont!
Missing character: There is no t in font nullfont!
Missing character: There is no h in font nullfont!
Missing character: There is no a in font nullfont!
Missing character: There is no t in font nullfont!
Missing character: There is no f in font nullfont!
Missing character: There is no a in font nullfont!
Missing character: There is no l in font nullfont!
Missing character: There is no l in font nullfont!
Missing character: There is no s in font nullfont!
Missing character: There is no f in font nullfont!
Missing character: There is no a in font nullfont!
Missing character: There is no s in font nullfont!
Missing character: There is no t in font nullfont!
Missing character: There is no e in font nullfont!
Missing character: There is no n in font nullfont!
Missing character: There is no o in font nullfont!
Missing character: There is no u in font nullfont!
Missing character: There is no g in font nullfont!
Missing character: There is no h in font nullfont!
Missing character: There is no a in font nullfont!
Missing character: There is no t in font nullfont!
! Undefined control sequence.
<recently read> \mathscr 
                         
l.3 ...rbation that falls fast enough at $\mathscr
                                                  {I}^+$. To achieve this en...
The control sequence at the end of the top line
of your error message was never \def'ed. If you have
misspelled it (e.g., `\hobx'), type `I' and the correct
spelling (e.g., `I\hbox'). Otherwise just continue,
and I'll forget about whatever was undefined.

Missing character: There is no . in font nullfont!
Missing character: There is no T in font nullfont!
Missing character: There is no o in font nullfont!
Missing character: There is no a in font nullfont!
Missing character: There is no c in font nullfont!
Missing character: There is no h in font nullfont!
Missing character: There is no i in font nullfont!
Missing character: There is no e in font nullfont!
Missing character: There is no v in font nullfont!
Missing character: There is no e in font nullfont!
Missing character: There is no t in font nullfont!
Missing character: There is no h in font nullfont!
Missing character: There is no i in font nullfont!
Missing character: There is no s in font nullfont!
Missing character: There is no e in font nullfont!
Missing character: There is no n in font nullfont!
Missing character: There is no d in font nullfont!
Missing character: There is no I in font nullfont!
Missing character: There is no u in font nullfont!
Missing character: There is no s in font nullfont!
Missing character: There is no e in font nullfont!
Missing character: There is no d in font nullfont!
Missing character: There is no t in font nullfont!
Missing character: There is no h in font nullfont!
Missing character: There is no e in font nullfont!
Missing character: There is no p in font nullfont!
Missing character: There is no r in font nullfont!
Missing character: There is no o in font nullfont!
Missing character: There is no c in font nullfont!
Missing character: There is no e in font nullfont!
Missing character: There is no d in font nullfont!
Missing character: There is no u in font nullfont!
Missing character: There is no r in font nullfont!
Missing character: There is no e in font nullfont!
Missing character: There is no d in font nullfont!
Missing character: There is no e in font nullfont!
Missing character: There is no m in font nullfont!
Missing character: There is no o in font nullfont!
Missing character: There is no n in font nullfont!
Missing character: There is no s in font nullfont!
Missing character: There is no t in font nullfont!
Missing character: There is no r in font nullfont!
Missing character: There is no a in font nullfont!
Missing character: There is no t in font nullfont!
Missing character: There is no e in font nullfont!
Missing character: There is no d in font nullfont!
Missing character: There is no i in font nullfont!
Missing character: There is no n in font nullfont!
Missing character: There is no d in font nullfont!
Missing character: There is no e in font nullfont!
Missing character: There is no t in font nullfont!
Missing character: There is no a in font nullfont!
Missing character: There is no i in font nullfont!
Missing character: There is no l in font nullfont!
Missing character: There is no s in font nullfont!
Missing character: There is no b in font nullfont!
Missing character: There is no y in font nullfont!
Missing character: There is no H in font nullfont!
Missing character: There is no o in font nullfont!
Missing character: There is no l in font nullfont!
Missing character: There is no l in font nullfont!
Missing character: There is no a in font nullfont!
Missing character: There is no n in font nullfont!
Missing character: There is no d in font nullfont!
Missing character: There is no s in font nullfont!
Missing character: There is no e in font nullfont!
Missing character: There is no t in font nullfont!
Missing character: There is no . in font nullfont!
Missing character: There is no a in font nullfont!
Missing character: There is no l in font nullfont!
Missing character: There is no . in font nullfont!
Missing character: There is no i in font nullfont!
Missing character: There is no n in font nullfont!
Missing character: There is no [ in font nullfont!
\citation{Hollands:2024iqp}
! Undefined control sequence.
<write> ...: Citation `\@citeb ' on page \thepage 
                                                  \space undefined\on@line .
l.3 ...Hollands et. al. in \cite{Hollands:2024iqp}
                                                  .
The control sequence at the end of the top line
of your error message was never \def'ed. If you have
misspelled it (e.g., `\hobx'), type `I' and the correct
spelling (e.g., `I\hbox'). Otherwise just continue,
and I'll forget about whatever was undefined.


LaTeX Warning: Citation `Hollands:2024iqp' on page  undefined on input line 3.

Missing character: There is no ] in font nullfont!
Missing character: There is no . in font nullfont!
Missing character: There is no T in font nullfont!
Missing character: There is no h in font nullfont!
Missing character: There is no i in font nullfont!
Missing character: There is no s in font nullfont!
Missing character: There is no m in font nullfont!
Missing character: There is no e in font nullfont!
Missing character: There is no t in font nullfont!
Missing character: There is no h in font nullfont!
Missing character: There is no o in font nullfont!
Missing character: There is no d in font nullfont!
Missing character: There is no i in font nullfont!
Missing character: There is no s in font nullfont!
Missing character: There is no b in font nullfont!
Missing character: There is no a in font nullfont!
Missing character: There is no s in font nullfont!
Missing character: There is no e in font nullfont!
Missing character: There is no d in font nullfont!
Missing character: There is no o in font nullfont!
Missing character: There is no n in font nullfont!
Missing character: There is no t in font nullfont!
Missing character: There is no h in font nullfont!
Missing character: There is no e in font nullfont!
Missing character: There is no G in font nullfont!
Missing character: There is no H in font nullfont!
Missing character: There is no Z in font nullfont!
Missing character: There is no r in font nullfont!
Missing character: There is no e in font nullfont!
Missing character: There is no c in font nullfont!
Missing character: There is no o in font nullfont!
Missing character: There is no n in font nullfont!
Missing character: There is no s in font nullfont!
Missing character: There is no t in font nullfont!
Missing character: There is no r in font nullfont!
Missing character: There is no u in font nullfont!
Missing character: There is no c in font nullfont!
Missing character: There is no t in font nullfont!
Missing character: There is no i in font nullfont!
Missing character: There is no o in font nullfont!
Missing character: There is no n in font nullfont!
Missing character: There is no [ in font nullfont!
\citation{Green:2019nam}
! Undefined control sequence.
<write> ...: Citation `\@citeb ' on page \thepage 
                                                  \space undefined\on@line .
l.4 ...the GHZ reconstruction \cite{Green:2019nam}
                                                   combined with the punctur...
The control sequence at the end of the top line
of your error message was never \def'ed. If you have
misspelled it (e.g., `\hobx'), type `I' and the correct
spelling (e.g., `I\hbox'). Otherwise just continue,
and I'll forget about whatever was undefined.


LaTeX Warning: Citation `Green:2019nam' on page  undefined on input line 4.

Missing character: There is no ] in font nullfont!
Missing character: There is no c in font nullfont!
Missing character: There is no o in font nullfont!
Missing character: There is no m in font nullfont!
Missing character: There is no b in font nullfont!
Missing character: There is no i in font nullfont!
Missing character: There is no n in font nullfont!
Missing character: There is no e in font nullfont!
Missing character: There is no d in font nullfont!
Missing character: There is no w in font nullfont!
Missing character: There is no i in font nullfont!
Missing character: There is no t in font nullfont!
Missing character: There is no h in font nullfont!
Missing character: There is no t in font nullfont!
Missing character: There is no h in font nullfont!
Missing character: There is no e in font nullfont!
Missing character: There is no p in font nullfont!
Missing character: There is no u in font nullfont!
Missing character: There is no n in font nullfont!
Missing character: There is no c in font nullfont!
Missing character: There is no t in font nullfont!
Missing character: There is no u in font nullfont!
Missing character: There is no r in font nullfont!
Missing character: There is no e in font nullfont!
Missing character: There is no s in font nullfont!
Missing character: There is no c in font nullfont!
Missing character: There is no h in font nullfont!
Missing character: There is no e in font nullfont!
Missing character: There is no m in font nullfont!
Missing character: There is no e in font nullfont!
Missing character: There is no [ in font nullfont!
\citation{Toomani:2021jlo}
! Undefined control sequence.
<write> ...: Citation `\@citeb ' on page \thepage 
                                                  \space undefined\on@line .
l.4 ... the puncture scheme \cite{Toomani:2021jlo}
                                                  .
The control sequence at the end of the top line
of your error message was never \def'ed. If you have
misspelled it (e.g., `\hobx'), type `I' and the correct
spelling (e.g., `I\hbox'). Otherwise just continue,
and I'll forget about whatever was undefined.


LaTeX Warning: Citation `Toomani:2021jlo' on page  undefined on input line 4.

Missing character: There is no ] in font nullfont!
Missing character: There is no . in font nullfont!
Missing character: There is no T in font nullfont!
Missing character: There is no h in font nullfont!
Missing character: There is no e in font nullfont!
Missing character: There is no p in font nullfont!
Missing character: There is no u in font nullfont!
Missing character: There is no n in font nullfont!
Missing character: There is no c in font nullfont!
Missing character: There is no t in font nullfont!
Missing character: There is no u in font nullfont!
Missing character: There is no r in font nullfont!
Missing character: There is no e in font nullfont!
Missing character: There is no s in font nullfont!
Missing character: There is no c in font nullfont!
Missing character: There is no h in font nullfont!
Missing character: There is no e in font nullfont!
Missing character: There is no m in font nullfont!
Missing character: There is no e in font nullfont!
Missing character: There is no i in font nullfont!
Missing character: There is no m in font nullfont!
Missing character: There is no p in font nullfont!
Missing character: There is no l in font nullfont!
Missing character: There is no e in font nullfont!
Missing character: There is no m in font nullfont!
Missing character: There is no e in font nullfont!
Missing character: There is no n in font nullfont!
Missing character: There is no t in font nullfont!
Missing character: There is no e in font nullfont!
Missing character: There is no d in font nullfont!
Missing character: There is no i in font nullfont!
Missing character: There is no n in font nullfont!
Missing character: There is no [ in font nullfont!
\citation{Toomani:2021jlo}
! Undefined control sequence.
<write> ...: Citation `\@citeb ' on page \thepage 
                                                  \space undefined\on@line .
l.5 ...cheme implemented in \cite{Toomani:2021jlo}
                                                   breaks the retarded solut...
The control sequence at the end of the top line
of your error message was never \def'ed. If you have
misspelled it (e.g., `\hobx'), type `I' and the correct
spelling (e.g., `I\hbox'). Otherwise just continue,
and I'll forget about whatever was undefined.


LaTeX Warning: Citation `Toomani:2021jlo' on page  undefined on input line 5.

Missing character: There is no ] in font nullfont!
Missing character: There is no b in font nullfont!
Missing character: There is no r in font nullfont!
Missing character: There is no e in font nullfont!
Missing character: There is no a in font nullfont!
Missing character: There is no k in font nullfont!
Missing character: There is no s in font nullfont!
Missing character: There is no t in font nullfont!
Missing character: There is no h in font nullfont!
Missing character: There is no e in font nullfont!
Missing character: There is no r in font nullfont!
Missing character: There is no e in font nullfont!
Missing character: There is no t in font nullfont!
Missing character: There is no a in font nullfont!
Missing character: There is no r in font nullfont!
Missing character: There is no d in font nullfont!
Missing character: There is no e in font nullfont!
Missing character: There is no d in font nullfont!
Missing character: There is no s in font nullfont!
Missing character: There is no o in font nullfont!
Missing character: There is no l in font nullfont!
Missing character: There is no u in font nullfont!
Missing character: There is no t in font nullfont!
Missing character: There is no i in font nullfont!
Missing character: There is no o in font nullfont!
Missing character: There is no n in font nullfont!
! Undefined control sequence.
l.5 ...1jlo} breaks the retarded solution $h^\text
                                                  {ret}_{ab}$ into two parts...
The control sequence at the end of the top line
of your error message was never \def'ed. If you have
misspelled it (e.g., `\hobx'), type `I' and the correct
spelling (e.g., `I\hbox'). Otherwise just continue,
and I'll forget about whatever was undefined.

Missing character: There is no i in font nullfont!
Missing character: There is no n in font nullfont!
Missing character: There is no t in font nullfont!
Missing character: There is no o in font nullfont!
Missing character: There is no t in font nullfont!
Missing character: There is no w in font nullfont!
Missing character: There is no o in font nullfont!
Missing character: There is no p in font nullfont!
Missing character: There is no a in font nullfont!
Missing character: There is no r in font nullfont!
Missing character: There is no t in font nullfont!
Missing character: There is no s in font nullfont!
Missing character: There is no o in font nullfont!
Missing character: There is no f in font nullfont!
Missing character: There is no p in font nullfont!
Missing character: There is no u in font nullfont!
Missing character: There is no n in font nullfont!
Missing character: There is no c in font nullfont!
Missing character: There is no t in font nullfont!
Missing character: There is no u in font nullfont!
Missing character: There is no r in font nullfont!
Missing character: There is no e in font nullfont!
Missing character: There is no d in font nullfont!
Missing character: There is no f in font nullfont!
Missing character: There is no i in font nullfont!
Missing character: There is no e in font nullfont!
Missing character: There is no l in font nullfont!
Missing character: There is no d in font nullfont!
! Undefined control sequence.
l.5 ... into two parts of punctured field $h^\text
                                                  {P}_{ab}$ which contains t...
The control sequence at the end of the top line
of your error message was never \def'ed. If you have
misspelled it (e.g., `\hobx'), type `I' and the correct
spelling (e.g., `I\hbox'). Otherwise just continue,
and I'll forget about whatever was undefined.

Missing character: There is no w in font nullfont!
Missing character: There is no h in font nullfont!
Missing character: There is no i in font nullfont!
Missing character: There is no c in font nullfont!
Missing character: There is no h in font nullfont!
Missing character: There is no c in font nullfont!
Missing character: There is no o in font nullfont!
Missing character: There is no n in font nullfont!
Missing character: There is no t in font nullfont!
Missing character: There is no a in font nullfont!
Missing character: There is no i in font nullfont!
Missing character: There is no n in font nullfont!
Missing character: There is no s in font nullfont!
Missing character: There is no t in font nullfont!
Missing character: There is no h in font nullfont!
Missing character: There is no e in font nullfont!
Missing character: There is no s in font nullfont!
Missing character: There is no i in font nullfont!
Missing character: There is no n in font nullfont!
Missing character: There is no g in font nullfont!
Missing character: There is no u in font nullfont!
Missing character: There is no l in font nullfont!
Missing character: There is no a in font nullfont!
Missing character: There is no r in font nullfont!
Missing character: There is no f in font nullfont!
Missing character: There is no i in font nullfont!
Missing character: There is no e in font nullfont!
Missing character: There is no l in font nullfont!
Missing character: There is no d in font nullfont!
Missing character: There is no f in font nullfont!
Missing character: There is no i in font nullfont!
Missing character: There is no e in font nullfont!
Missing character: There is no l in font nullfont!
Missing character: There is no d in font nullfont!
Missing character: There is no a in font nullfont!
Missing character: There is no n in font nullfont!
Missing character: There is no d in font nullfont!
Missing character: There is no t in font nullfont!
Missing character: There is no h in font nullfont!
Missing character: There is no e in font nullfont!
Missing character: There is no r in font nullfont!
Missing character: There is no e in font nullfont!
Missing character: There is no s in font nullfont!
Missing character: There is no i in font nullfont!
Missing character: There is no d in font nullfont!
Missing character: There is no u in font nullfont!
Missing character: There is no a in font nullfont!
Missing character: There is no l in font nullfont!
Missing character: There is no p in font nullfont!
Missing character: There is no a in font nullfont!
Missing character: There is no r in font nullfont!
Missing character: There is no t in font nullfont!
! Undefined control sequence.
l.5 ... field field and the residual part $h^\text
                                                  {Res}_{ab}$. The residual ...
The control sequence at the end of the top line
of your error message was never \def'ed. If you have
misspelled it (e.g., `\hobx'), type `I' and the correct
spelling (e.g., `I\hbox'). Otherwise just continue,
and I'll forget about whatever was undefined.

Missing character: There is no . in font nullfont!
Missing character: There is no T in font nullfont!
Missing character: There is no h in font nullfont!
Missing character: There is no e in font nullfont!
Missing character: There is no r in font nullfont!
Missing character: There is no e in font nullfont!
Missing character: There is no s in font nullfont!
Missing character: There is no i in font nullfont!
Missing character: There is no d in font nullfont!
Missing character: There is no u in font nullfont!
Missing character: There is no a in font nullfont!
Missing character: There is no l in font nullfont!
Missing character: There is no f in font nullfont!
Missing character: There is no i in font nullfont!
Missing character: There is no e in font nullfont!
Missing character: There is no l in font nullfont!
Missing character: There is no d in font nullfont!
Missing character: There is no s in font nullfont!
Missing character: There is no a in font nullfont!
Missing character: There is no t in font nullfont!
Missing character: There is no i in font nullfont!
Missing character: There is no s in font nullfont!
Missing character: There is no f in font nullfont!
Missing character: There is no y in font nullfont!
Missing character: There is no a in font nullfont!
Missing character: There is no h in font nullfont!
Missing character: There is no o in font nullfont!
Missing character: There is no m in font nullfont!
Missing character: There is no o in font nullfont!
Missing character: There is no g in font nullfont!
Missing character: There is no e in font nullfont!
Missing character: There is no n in font nullfont!
Missing character: There is no e in font nullfont!
Missing character: There is no o in font nullfont!
Missing character: There is no u in font nullfont!
Missing character: There is no s in font nullfont!
Missing character: There is no l in font nullfont!
Missing character: There is no i in font nullfont!
Missing character: There is no n in font nullfont!
Missing character: There is no e in font nullfont!
Missing character: There is no a in font nullfont!
Missing character: There is no r in font nullfont!
Missing character: There is no i in font nullfont!
Missing character: There is no z in font nullfont!
Missing character: There is no e in font nullfont!
Missing character: There is no d in font nullfont!
Missing character: There is no E in font nullfont!
Missing character: There is no i in font nullfont!
Missing character: There is no n in font nullfont!
Missing character: There is no s in font nullfont!
Missing character: There is no t in font nullfont!
Missing character: There is no e in font nullfont!
Missing character: There is no i in font nullfont!
Missing character: There is no n in font nullfont!
Missing character: There is no e in font nullfont!
Missing character: There is no q in font nullfont!
Missing character: There is no u in font nullfont!
Missing character: There is no a in font nullfont!
Missing character: There is no t in font nullfont!
Missing character: There is no i in font nullfont!
Missing character: There is no o in font nullfont!
Missing character: There is no n in font nullfont!
Missing character: There is no s in font nullfont!
Missing character: There is no o in font nullfont!
Missing character: There is no u in font nullfont!
Missing character: There is no r in font nullfont!
Missing character: There is no c in font nullfont!
Missing character: There is no e in font nullfont!
Missing character: There is no d in font nullfont!
Missing character: There is no b in font nullfont!
Missing character: There is no y in font nullfont!
! Undefined control sequence.
l.5 ...in equation sourced by $\mathcal{E} h^\text
                                                  {P}_{ab}$ away from the si...
The control sequence at the end of the top line
of your error message was never \def'ed. If you have
misspelled it (e.g., `\hobx'), type `I' and the correct
spelling (e.g., `I\hbox'). Otherwise just continue,
and I'll forget about whatever was undefined.

Missing character: There is no a in font nullfont!
Missing character: There is no w in font nullfont!
Missing character: There is no a in font nullfont!
Missing character: There is no y in font nullfont!
Missing character: There is no f in font nullfont!
Missing character: There is no r in font nullfont!
Missing character: There is no o in font nullfont!
Missing character: There is no m in font nullfont!
Missing character: There is no t in font nullfont!
Missing character: There is no h in font nullfont!
Missing character: There is no e in font nullfont!
Missing character: There is no s in font nullfont!
Missing character: There is no i in font nullfont!
Missing character: There is no n in font nullfont!
Missing character: There is no g in font nullfont!
Missing character: There is no u in font nullfont!
Missing character: There is no l in font nullfont!
Missing character: There is no a in font nullfont!
Missing character: There is no r in font nullfont!
Missing character: There is no s in font nullfont!
Missing character: There is no o in font nullfont!
Missing character: There is no u in font nullfont!
Missing character: There is no r in font nullfont!
Missing character: There is no c in font nullfont!
Missing character: There is no e in font nullfont!
Missing character: There is no , in font nullfont!
Missing character: There is no i in font nullfont!
Missing character: There is no . in font nullfont!
Missing character: There is no e in font nullfont!
Missing character: There is no . in font nullfont!
Missing character: There is no , in font nullfont!

Overfull \hbox (20.0pt too wide) in paragraph at lines 3--6
[]
 []


Overfull \hbox (11.81946pt too wide) in paragraph at lines 3--6
\OML/cmm/m/it/10 I[]$
 []


Overfull \hbox (5.43053pt too wide) in paragraph at lines 3--6
[]
 []


Overfull \hbox (5.43053pt too wide) in paragraph at lines 3--6
[]
 []


Overfull \hbox (5.43053pt too wide) in paragraph at lines 3--6
[]
 []


Overfull \hbox (5.43053pt too wide) in paragraph at lines 3--6
[]
 []


Overfull \hbox (17.00479pt too wide) in paragraph at lines 3--6
\OML/cmm/m/it/10 h[]$
 []


Overfull \hbox (14.11589pt too wide) in paragraph at lines 3--6
\OML/cmm/m/it/10 h[]$
 []


Overfull \hbox (19.8901pt too wide) in paragraph at lines 3--6
\OML/cmm/m/it/10 h[]$
 []


Overfull \hbox (20.2881pt too wide) in paragraph at lines 3--6
\OMS/cmsy/m/n/10 E\OML/cmm/m/it/10 h[]$
 []


! LaTeX Error: Missing \begin{document}.

See the LaTeX manual or LaTeX Companion for explanation.
Type  H <return>  for immediate help.
 ...                                              
                                                  
l.7 \begin{equation}
                    \label{LEEofResField}
You're in trouble here.  Try typing  <return>  to proceed.
If that doesn't work, type  X <return>  to quit.


Overfull \hbox (20.0pt too wide) in paragraph at lines 7--7
[] 
 []

! Undefined control sequence.
l.8 \mathcal{E} h^\text
                       {Res}_{ab} = - \mathcal{E} h^\text{P}_{ab}.
The control sequence at the end of the top line
of your error message was never \def'ed. If you have
misspelled it (e.g., `\hobx'), type `I' and the correct
spelling (e.g., `I\hbox'). Otherwise just continue,
and I'll forget about whatever was undefined.

! Undefined control sequence.
l.8 ...} h^\text{Res}_{ab} = - \mathcal{E} h^\text
                                                  {P}_{ab}.
The control sequence at the end of the top line
of your error message was never \def'ed. If you have
misspelled it (e.g., `\hobx'), type `I' and the correct
spelling (e.g., `I\hbox'). Otherwise just continue,
and I'll forget about whatever was undefined.


Overfull \hbox (70.23923pt too wide) detected at line 9
[]\OMS/cmsy/m/n/10 E\OML/cmm/m/it/10 h[] \OT1/cmr/m/n/10 = \OMS/cmsy/m/n/10 ^^@
E\OML/cmm/m/it/10 h[]:
 []


! LaTeX Error: Missing \begin{document}.

See the LaTeX manual or LaTeX Companion for explanation.
Type  H <return>  for immediate help.
 ...                                              
                                                  
l.11 T
      he puncture field is an estimate for the singular field in a neighborh...

You're in trouble here.  Try typing  <return>  to proceed.
If that doesn't work, type  X <return>  to quit.

Missing character: There is no T in font nullfont!
Missing character: There is no h in font nullfont!
Missing character: There is no e in font nullfont!
Missing character: There is no p in font nullfont!
Missing character: There is no u in font nullfont!
Missing character: There is no n in font nullfont!
Missing character: There is no c in font nullfont!
Missing character: There is no t in font nullfont!
Missing character: There is no u in font nullfont!
Missing character: There is no r in font nullfont!
Missing character: There is no e in font nullfont!
Missing character: There is no f in font nullfont!
Missing character: There is no i in font nullfont!
Missing character: There is no e in font nullfont!
Missing character: There is no l in font nullfont!
Missing character: There is no d in font nullfont!
Missing character: There is no i in font nullfont!
Missing character: There is no s in font nullfont!
Missing character: There is no a in font nullfont!
Missing character: There is no n in font nullfont!
Missing character: There is no e in font nullfont!
Missing character: There is no s in font nullfont!
Missing character: There is no t in font nullfont!
Missing character: There is no i in font nullfont!
Missing character: There is no m in font nullfont!
Missing character: There is no a in font nullfont!
Missing character: There is no t in font nullfont!
Missing character: There is no e in font nullfont!
Missing character: There is no f in font nullfont!
Missing character: There is no o in font nullfont!
Missing character: There is no r in font nullfont!
Missing character: There is no t in font nullfont!
Missing character: There is no h in font nullfont!
Missing character: There is no e in font nullfont!
Missing character: There is no s in font nullfont!
Missing character: There is no i in font nullfont!
Missing character: There is no n in font nullfont!
Missing character: There is no g in font nullfont!
Missing character: There is no u in font nullfont!
Missing character: There is no l in font nullfont!
Missing character: There is no a in font nullfont!
Missing character: There is no r in font nullfont!
Missing character: There is no f in font nullfont!
Missing character: There is no i in font nullfont!
Missing character: There is no e in font nullfont!
Missing character: There is no l in font nullfont!
Missing character: There is no d in font nullfont!
Missing character: There is no i in font nullfont!
Missing character: There is no n in font nullfont!
Missing character: There is no a in font nullfont!
Missing character: There is no n in font nullfont!
Missing character: There is no e in font nullfont!
Missing character: There is no i in font nullfont!
Missing character: There is no g in font nullfont!
Missing character: There is no h in font nullfont!
Missing character: There is no b in font nullfont!
Missing character: There is no o in font nullfont!
Missing character: There is no r in font nullfont!
Missing character: There is no h in font nullfont!
Missing character: There is no o in font nullfont!
Missing character: There is no o in font nullfont!
Missing character: There is no d in font nullfont!
Missing character: There is no o in font nullfont!
Missing character: There is no f in font nullfont!
Missing character: There is no t in font nullfont!
Missing character: There is no h in font nullfont!
Missing character: There is no e in font nullfont!
Missing character: There is no o in font nullfont!
Missing character: There is no r in font nullfont!
Missing character: There is no b in font nullfont!
Missing character: There is no i in font nullfont!
Missing character: There is no t in font nullfont!
Missing character: There is no i in font nullfont!
Missing character: There is no n in font nullfont!
Missing character: There is no g in font nullfont!
Missing character: There is no c in font nullfont!
Missing character: There is no o in font nullfont!
Missing character: There is no m in font nullfont!
Missing character: There is no p in font nullfont!
Missing character: There is no a in font nullfont!
Missing character: There is no c in font nullfont!
Missing character: There is no t in font nullfont!
Missing character: There is no o in font nullfont!
Missing character: There is no b in font nullfont!
Missing character: There is no j in font nullfont!
Missing character: There is no e in font nullfont!
Missing character: There is no c in font nullfont!
Missing character: There is no t in font nullfont!
Missing character: There is no . in font nullfont!
Missing character: There is no T in font nullfont!
Missing character: There is no h in font nullfont!
Missing character: There is no i in font nullfont!
Missing character: There is no s in font nullfont!
Missing character: There is no e in font nullfont!
Missing character: There is no s in font nullfont!
Missing character: There is no t in font nullfont!
Missing character: There is no i in font nullfont!
Missing character: There is no m in font nullfont!
Missing character: There is no a in font nullfont!
Missing character: There is no t in font nullfont!
Missing character: There is no e in font nullfont!
Missing character: There is no i in font nullfont!
Missing character: There is no s in font nullfont!
Missing character: There is no g in font nullfont!
Missing character: There is no i in font nullfont!
Missing character: There is no v in font nullfont!
Missing character: There is no e in font nullfont!
Missing character: There is no n in font nullfont!
Missing character: There is no b in font nullfont!
Missing character: There is no y in font nullfont!
Missing character: There is no t in font nullfont!
Missing character: There is no h in font nullfont!
Missing character: There is no e in font nullfont!
Missing character: There is no p in font nullfont!
Missing character: There is no r in font nullfont!
Missing character: There is no o in font nullfont!
Missing character: There is no d in font nullfont!
Missing character: There is no u in font nullfont!
Missing character: There is no c in font nullfont!
Missing character: There is no t in font nullfont!
Missing character: There is no o in font nullfont!
Missing character: There is no f in font nullfont!
Missing character: There is no t in font nullfont!
Missing character: There is no h in font nullfont!
Missing character: There is no e in font nullfont!
Missing character: There is no s in font nullfont!
Missing character: There is no i in font nullfont!
Missing character: There is no n in font nullfont!
Missing character: There is no g in font nullfont!
Missing character: There is no u in font nullfont!
Missing character: There is no l in font nullfont!
Missing character: There is no a in font nullfont!
Missing character: There is no r in font nullfont!
Missing character: There is no f in font nullfont!
Missing character: There is no i in font nullfont!
Missing character: There is no e in font nullfont!
Missing character: There is no l in font nullfont!
Missing character: There is no d in font nullfont!
Missing character: There is no a in font nullfont!
Missing character: There is no n in font nullfont!
Missing character: There is no d in font nullfont!
Missing character: There is no a in font nullfont!
Missing character: There is no w in font nullfont!
Missing character: There is no i in font nullfont!
Missing character: There is no t in font nullfont!
Missing character: There is no h in font nullfont!
Missing character: There is no t in font nullfont!
Missing character: There is no h in font nullfont!
Missing character: There is no e in font nullfont!
Missing character: There is no f in font nullfont!
Missing character: There is no o in font nullfont!
Missing character: There is no l in font nullfont!
Missing character: There is no l in font nullfont!
Missing character: There is no o in font nullfont!
Missing character: There is no w in font nullfont!
Missing character: There is no i in font nullfont!
Missing character: There is no n in font nullfont!
Missing character: There is no g in font nullfont!
Missing character: There is no p in font nullfont!
Missing character: There is no r in font nullfont!
Missing character: There is no o in font nullfont!
Missing character: There is no p in font nullfont!
Missing character: There is no e in font nullfont!
Missing character: There is no r in font nullfont!
Missing character: There is no t in font nullfont!
Missing character: There is no i in font nullfont!
Missing character: There is no e in font nullfont!
Missing character: There is no s in font nullfont!
Missing character: There is no : in font nullfont!

Overfull \hbox (20.0pt too wide) in paragraph at lines 11--12
[]
 []


Overfull \hbox (42.66435pt too wide) in paragraph at lines 11--12
\OML/cmm/m/it/10 W\OT1/cmr/m/n/10 (\OML/cmm/m/it/10 r; ^^R; ^^^\OT1/cmr/m/n/10 
)$
 []


! LaTeX Error: Missing \begin{document}.

See the LaTeX manual or LaTeX Companion for explanation.
Type  H <return>  for immediate help.
 ...                                              
                                                  
l.13 \begin{enumerate}
                      
You're in trouble here.  Try typing  <return>  to proceed.
If that doesn't work, type  X <return>  to quit.


Overfull \hbox (20.0pt too wide) in paragraph at lines 13--13
[] 
 []

Missing character: There is no i in font nullfont!
Missing character: There is no s in font nullfont!
Missing character: There is no c in font nullfont!
Missing character: There is no o in font nullfont!
Missing character: There is no m in font nullfont!
Missing character: There is no p in font nullfont!
Missing character: There is no a in font nullfont!
Missing character: There is no c in font nullfont!
Missing character: There is no t in font nullfont!
Missing character: There is no l in font nullfont!
Missing character: There is no y in font nullfont!
Missing character: There is no s in font nullfont!
Missing character: There is no u in font nullfont!
Missing character: There is no p in font nullfont!
Missing character: There is no p in font nullfont!
Missing character: There is no o in font nullfont!
Missing character: There is no r in font nullfont!
Missing character: There is no t in font nullfont!
Missing character: There is no e in font nullfont!
Missing character: There is no d in font nullfont!
Missing character: There is no ( in font nullfont!
Missing character: There is no u in font nullfont!
Missing character: There is no s in font nullfont!
Missing character: There is no u in font nullfont!
Missing character: There is no a in font nullfont!
Missing character: There is no l in font nullfont!
Missing character: There is no l in font nullfont!
Missing character: There is no y in font nullfont!
Missing character: There is no f in font nullfont!
Missing character: There is no o in font nullfont!
Missing character: There is no r in font nullfont!
! Undefined control sequence.
l.14 ...upported (usually $W = 0$ for $r < r_\text
                                                  {min}$ and $r > r_\text{ma...
The control sequence at the end of the top line
of your error message was never \def'ed. If you have
misspelled it (e.g., `\hobx'), type `I' and the correct
spelling (e.g., `I\hbox'). Otherwise just continue,
and I'll forget about whatever was undefined.

Missing character: There is no a in font nullfont!
Missing character: There is no n in font nullfont!
Missing character: There is no d in font nullfont!
! Undefined control sequence.
l.14 ...0$ for $r < r_\text{min}$ and $r > r_\text
                                                  {max}$, the support of $W$...
The control sequence at the end of the top line
of your error message was never \def'ed. If you have
misspelled it (e.g., `\hobx'), type `I' and the correct
spelling (e.g., `I\hbox'). Otherwise just continue,
and I'll forget about whatever was undefined.

Missing character: There is no , in font nullfont!
Missing character: There is no t in font nullfont!
Missing character: There is no h in font nullfont!
Missing character: There is no e in font nullfont!
Missing character: There is no s in font nullfont!
Missing character: There is no u in font nullfont!
Missing character: There is no p in font nullfont!
Missing character: There is no p in font nullfont!
Missing character: There is no o in font nullfont!
Missing character: There is no r in font nullfont!
Missing character: There is no t in font nullfont!
Missing character: There is no o in font nullfont!
Missing character: There is no f in font nullfont!
Missing character: There is no i in font nullfont!
Missing character: There is no s in font nullfont!
Missing character: There is no c in font nullfont!
Missing character: There is no a in font nullfont!
Missing character: There is no l in font nullfont!
Missing character: There is no l in font nullfont!
Missing character: There is no e in font nullfont!
Missing character: There is no d in font nullfont!
Missing character: There is no p in font nullfont!
Missing character: There is no u in font nullfont!
Missing character: There is no n in font nullfont!
Missing character: There is no c in font nullfont!
Missing character: There is no t in font nullfont!
Missing character: There is no u in font nullfont!
Missing character: There is no r in font nullfont!
Missing character: There is no e in font nullfont!
Missing character: There is no r in font nullfont!
Missing character: There is no e in font nullfont!
Missing character: There is no g in font nullfont!
Missing character: There is no i in font nullfont!
Missing character: There is no o in font nullfont!
Missing character: There is no n in font nullfont!
Missing character: There is no ; in font nullfont!

Overfull \hbox (10.83334pt too wide) in paragraph at lines 14--15
\OML/cmm/m/it/10 W$
 []


Overfull \hbox (21.38885pt too wide) in paragraph at lines 14--15
\OML/cmm/m/it/10 W \OT1/cmr/m/n/10 =
 []


Overfull \hbox (5.00002pt too wide) in paragraph at lines 14--15
\OT1/cmr/m/n/10 0$
 []


Overfull \hbox (15.34488pt too wide) in paragraph at lines 14--15
\OML/cmm/m/it/10 r <
 []


Overfull \hbox (19.88031pt too wide) in paragraph at lines 14--15
\OML/cmm/m/it/10 r[]$
 []


Overfull \hbox (15.34488pt too wide) in paragraph at lines 14--15
\OML/cmm/m/it/10 r >
 []


Overfull \hbox (20.98007pt too wide) in paragraph at lines 14--15
\OML/cmm/m/it/10 r[]$
 []


Overfull \hbox (10.83334pt too wide) in paragraph at lines 14--15
\OML/cmm/m/it/10 W$
 []

Missing character: There is no o in font nullfont!
Missing character: There is no n in font nullfont!
Missing character: There is no t in font nullfont!
Missing character: There is no h in font nullfont!
Missing character: There is no e in font nullfont!
Missing character: There is no l in font nullfont!
Missing character: There is no o in font nullfont!
Missing character: There is no c in font nullfont!
Missing character: There is no a in font nullfont!
Missing character: There is no t in font nullfont!
Missing character: There is no i in font nullfont!
Missing character: There is no o in font nullfont!
Missing character: There is no n in font nullfont!
Missing character: There is no o in font nullfont!
Missing character: There is no f in font nullfont!
Missing character: There is no t in font nullfont!
Missing character: There is no h in font nullfont!
Missing character: There is no e in font nullfont!
Missing character: There is no c in font nullfont!
Missing character: There is no o in font nullfont!
Missing character: There is no m in font nullfont!
Missing character: There is no p in font nullfont!
Missing character: There is no a in font nullfont!
Missing character: There is no c in font nullfont!
Missing character: There is no t in font nullfont!
Missing character: There is no o in font nullfont!
Missing character: There is no b in font nullfont!
Missing character: There is no j in font nullfont!
Missing character: There is no e in font nullfont!
Missing character: There is no c in font nullfont!
Missing character: There is no t in font nullfont!
Missing character: There is no . in font nullfont!

Overfull \hbox (21.38885pt too wide) in paragraph at lines 15--16
\OML/cmm/m/it/10 W \OT1/cmr/m/n/10 =
 []


Overfull \hbox (5.00002pt too wide) in paragraph at lines 15--16
\OT1/cmr/m/n/10 1$
 []

Missing character: There is no O in font nullfont!
Missing character: There is no n in font nullfont!
Missing character: There is no e in font nullfont!
Missing character: There is no o in font nullfont!
Missing character: There is no b in font nullfont!
Missing character: There is no v in font nullfont!
Missing character: There is no i in font nullfont!
Missing character: There is no o in font nullfont!
Missing character: There is no u in font nullfont!
Missing character: There is no s in font nullfont!
Missing character: There is no c in font nullfont!
Missing character: There is no h in font nullfont!
Missing character: There is no o in font nullfont!
Missing character: There is no i in font nullfont!
Missing character: There is no c in font nullfont!
Missing character: There is no e in font nullfont!
Missing character: There is no w in font nullfont!
Missing character: There is no o in font nullfont!
Missing character: There is no u in font nullfont!
Missing character: There is no l in font nullfont!
Missing character: There is no d in font nullfont!
Missing character: There is no b in font nullfont!
Missing character: There is no e in font nullfont!
! Undefined control sequence.
l.18 ...choice would be $W(r) = \Theta(r - r_\text
                                                  {min}) - \Theta(r_\text{ma...
The control sequence at the end of the top line
of your error message was never \def'ed. If you have
misspelled it (e.g., `\hobx'), type `I' and the correct
spelling (e.g., `I\hbox'). Otherwise just continue,
and I'll forget about whatever was undefined.

! Undefined control sequence.
l.18 ... \Theta(r - r_\text{min}) - \Theta(r_\text
                                                  {max} - r)$ but one might ...
The control sequence at the end of the top line
of your error message was never \def'ed. If you have
misspelled it (e.g., `\hobx'), type `I' and the correct
spelling (e.g., `I\hbox'). Otherwise just continue,
and I'll forget about whatever was undefined.

Missing character: There is no b in font nullfont!
Missing character: There is no u in font nullfont!
Missing character: There is no t in font nullfont!
Missing character: There is no o in font nullfont!
Missing character: There is no n in font nullfont!
Missing character: There is no e in font nullfont!
Missing character: There is no m in font nullfont!
Missing character: There is no i in font nullfont!
Missing character: There is no g in font nullfont!
Missing character: There is no h in font nullfont!
Missing character: There is no t in font nullfont!
Missing character: There is no c in font nullfont!
Missing character: There is no h in font nullfont!
Missing character: There is no o in font nullfont!
Missing character: There is no o in font nullfont!
Missing character: There is no s in font nullfont!
Missing character: There is no e in font nullfont!
Missing character: There is no a in font nullfont!
Missing character: There is no s in font nullfont!
Missing character: There is no m in font nullfont!
Missing character: There is no o in font nullfont!
Missing character: There is no o in font nullfont!
Missing character: There is no t in font nullfont!
Missing character: There is no h in font nullfont!
Missing character: There is no o in font nullfont!
Missing character: There is no n in font nullfont!
Missing character: There is no e in font nullfont!
Missing character: There is no t in font nullfont!
Missing character: There is no o in font nullfont!
Missing character: There is no o in font nullfont!
Missing character: There is no . in font nullfont!
Missing character: There is no C in font nullfont!
Missing character: There is no o in font nullfont!
Missing character: There is no n in font nullfont!
Missing character: There is no s in font nullfont!
Missing character: There is no e in font nullfont!
Missing character: There is no q in font nullfont!
Missing character: There is no u in font nullfont!
Missing character: There is no e in font nullfont!
Missing character: There is no n in font nullfont!
Missing character: There is no t in font nullfont!
Missing character: There is no l in font nullfont!
Missing character: There is no y in font nullfont!
Missing character: There is no , in font nullfont!
Missing character: There is no r in font nullfont!
Missing character: There is no e in font nullfont!
Missing character: There is no s in font nullfont!
Missing character: There is no i in font nullfont!
Missing character: There is no d in font nullfont!
Missing character: There is no u in font nullfont!
Missing character: There is no a in font nullfont!
Missing character: There is no l in font nullfont!
Missing character: There is no f in font nullfont!
Missing character: There is no i in font nullfont!
Missing character: There is no e in font nullfont!
Missing character: There is no l in font nullfont!
Missing character: There is no d in font nullfont!
! Undefined control sequence.
l.18 ...too. Consequently, residual field $h^\text
                                                  {Res}_{ab}$ is only source...
The control sequence at the end of the top line
of your error message was never \def'ed. If you have
misspelled it (e.g., `\hobx'), type `I' and the correct
spelling (e.g., `I\hbox'). Otherwise just continue,
and I'll forget about whatever was undefined.

Missing character: There is no i in font nullfont!
Missing character: There is no s in font nullfont!
Missing character: There is no o in font nullfont!
Missing character: There is no n in font nullfont!
Missing character: There is no l in font nullfont!
Missing character: There is no y in font nullfont!
Missing character: There is no s in font nullfont!
Missing character: There is no o in font nullfont!
Missing character: There is no u in font nullfont!
Missing character: There is no r in font nullfont!
Missing character: There is no c in font nullfont!
Missing character: There is no e in font nullfont!
Missing character: There is no d in font nullfont!
Missing character: There is no i in font nullfont!
Missing character: There is no n in font nullfont!
Missing character: There is no t in font nullfont!
Missing character: There is no h in font nullfont!
Missing character: There is no e in font nullfont!
Missing character: There is no p in font nullfont!
Missing character: There is no u in font nullfont!
Missing character: There is no n in font nullfont!
Missing character: There is no c in font nullfont!
Missing character: There is no t in font nullfont!
Missing character: There is no u in font nullfont!
Missing character: There is no r in font nullfont!
Missing character: There is no e in font nullfont!
Missing character: There is no r in font nullfont!
Missing character: There is no e in font nullfont!
Missing character: There is no g in font nullfont!
Missing character: There is no i in font nullfont!
Missing character: There is no o in font nullfont!
Missing character: There is no n in font nullfont!
Missing character: There is no . in font nullfont!

Overfull \hbox (20.0pt too wide) in paragraph at lines 18--19
[]
 []


Overfull \hbox (33.95602pt too wide) in paragraph at lines 18--19
\OML/cmm/m/it/10 W\OT1/cmr/m/n/10 (\OML/cmm/m/it/10 r\OT1/cmr/m/n/10 ) =
 []


Overfull \hbox (24.23387pt too wide) in paragraph at lines 18--19
\OT1/cmr/m/n/10 ^^B(\OML/cmm/m/it/10 r \OMS/cmsy/m/n/10 ^^@
 []


Overfull \hbox (31.54701pt too wide) in paragraph at lines 18--19
\OML/cmm/m/it/10 r[]\OT1/cmr/m/n/10 ) \OMS/cmsy/m/n/10 ^^@
 []


Overfull \hbox (40.42458pt too wide) in paragraph at lines 18--19
\OT1/cmr/m/n/10 ^^B(\OML/cmm/m/it/10 r[] \OMS/cmsy/m/n/10 ^^@
 []


Overfull \hbox (8.67827pt too wide) in paragraph at lines 18--19
\OML/cmm/m/it/10 r\OT1/cmr/m/n/10 )$
 []


Overfull \hbox (19.8901pt too wide) in paragraph at lines 18--19
\OML/cmm/m/it/10 h[]$
 []

Missing character: There is no A in font nullfont!
Missing character: There is no p in font nullfont!
Missing character: There is no p in font nullfont!
Missing character: There is no l in font nullfont!
Missing character: There is no y in font nullfont!
Missing character: There is no i in font nullfont!
Missing character: There is no n in font nullfont!
Missing character: There is no g in font nullfont!
Missing character: There is no o in font nullfont!
Missing character: There is no n in font nullfont!
Missing character: There is no b in font nullfont!
Missing character: There is no o in font nullfont!
Missing character: There is no t in font nullfont!
Missing character: There is no h in font nullfont!
Missing character: There is no s in font nullfont!
Missing character: There is no i in font nullfont!
Missing character: There is no d in font nullfont!
Missing character: There is no e in font nullfont!
Missing character: There is no s in font nullfont!
Missing character: There is no o in font nullfont!
Missing character: There is no f in font nullfont!
! Undefined control sequence.
l.20 ...ying $\mathcal{S}$ on both sides of \eqref
                                                  {LEEofResField} and using ...
The control sequence at the end of the top line
of your error message was never \def'ed. If you have
misspelled it (e.g., `\hobx'), type `I' and the correct
spelling (e.g., `I\hbox'). Otherwise just continue,
and I'll forget about whatever was undefined.

Missing character: There is no L in font nullfont!
Missing character: There is no E in font nullfont!
Missing character: There is no E in font nullfont!
Missing character: There is no o in font nullfont!
Missing character: There is no f in font nullfont!
Missing character: There is no R in font nullfont!
Missing character: There is no e in font nullfont!
Missing character: There is no s in font nullfont!
Missing character: There is no F in font nullfont!
Missing character: There is no i in font nullfont!
Missing character: There is no e in font nullfont!
Missing character: There is no l in font nullfont!
Missing character: There is no d in font nullfont!
Missing character: There is no a in font nullfont!
Missing character: There is no n in font nullfont!
Missing character: There is no d in font nullfont!
Missing character: There is no u in font nullfont!
Missing character: There is no s in font nullfont!
Missing character: There is no i in font nullfont!
Missing character: There is no n in font nullfont!
Missing character: There is no g in font nullfont!
Missing character: There is no t in font nullfont!
Missing character: There is no h in font nullfont!
Missing character: There is no e in font nullfont!
Missing character: There is no W in font nullfont!
Missing character: There is no a in font nullfont!
Missing character: There is no l in font nullfont!
Missing character: There is no d in font nullfont!
Missing character: There is no i in font nullfont!
Missing character: There is no d in font nullfont!
Missing character: There is no e in font nullfont!
Missing character: There is no n in font nullfont!
Missing character: There is no t in font nullfont!
Missing character: There is no i in font nullfont!
Missing character: There is no t in font nullfont!
Missing character: There is no y in font nullfont!
Missing character: There is no [ in font nullfont!
\citation{Wald identity paper}
! Undefined control sequence.
<write> ...: Citation `\@citeb ' on page \thepage 
                                                  \space undefined\on@line .
l.20 ...e Wald identity \cite{Wald identity paper}
                                                  ,
The control sequence at the end of the top line
of your error message was never \def'ed. If you have
misspelled it (e.g., `\hobx'), type `I' and the correct
spelling (e.g., `I\hbox'). Otherwise just continue,
and I'll forget about whatever was undefined.


LaTeX Warning: Citation `Wald identity paper' on page  undefined on input line 
20.

Missing character: There is no ] in font nullfont!
Missing character: There is no , in font nullfont!

Overfull \hbox (20.0pt too wide) in paragraph at lines 20--21
[]
 []


Overfull \hbox (6.80551pt too wide) in paragraph at lines 20--21
\OMS/cmsy/m/n/10 S$
 []


Overfull \hbox (5.43053pt too wide) in paragraph at lines 20--21
[] 
 []


Overfull \hbox (20.0pt too wide) in paragraph at lines 22--22
[] 
 []

! Undefined control sequence.
l.23 \mathcal{O} \psi^\text
                           {Res}_0 = - \mathcal{S}^{ab} T^\text{P}_{ab} = - ...
The control sequence at the end of the top line
of your error message was never \def'ed. If you have
misspelled it (e.g., `\hobx'), type `I' and the correct
spelling (e.g., `I\hbox'). Otherwise just continue,
and I'll forget about whatever was undefined.

! Undefined control sequence.
l.23 ...^\text{Res}_0 = - \mathcal{S}^{ab} T^\text
                                                  {P}_{ab} = - T^\text{P}_0.
The control sequence at the end of the top line
of your error message was never \def'ed. If you have
misspelled it (e.g., `\hobx'), type `I' and the correct
spelling (e.g., `I\hbox'). Otherwise just continue,
and I'll forget about whatever was undefined.

! Undefined control sequence.
l.23 ...athcal{S}^{ab} T^\text{P}_{ab} = - T^\text
                                                  {P}_0.
The control sequence at the end of the top line
of your error message was never \def'ed. If you have
misspelled it (e.g., `\hobx'), type `I' and the correct
spelling (e.g., `I\hbox'). Otherwise just continue,
and I'll forget about whatever was undefined.


Overfull \hbox (117.49821pt too wide) detected at line 24
\OMS/cmsy/m/n/10 O\OML/cmm/m/it/10  [] \OT1/cmr/m/n/10 = \OMS/cmsy/m/n/10 ^^@S[
]\OML/cmm/m/it/10 T[] \OT1/cmr/m/n/10 = \OMS/cmsy/m/n/10 ^^@\OML/cmm/m/it/10 T[
]:
 []

Missing character: There is no U in font nullfont!
Missing character: There is no s in font nullfont!
Missing character: There is no i in font nullfont!
Missing character: There is no n in font nullfont!
Missing character: There is no g in font nullfont!
Missing character: There is no t in font nullfont!
Missing character: There is no h in font nullfont!
Missing character: There is no e in font nullfont!
Missing character: There is no W in font nullfont!
Missing character: There is no a in font nullfont!
Missing character: There is no l in font nullfont!
Missing character: There is no d in font nullfont!
Missing character: There is no i in font nullfont!
Missing character: There is no d in font nullfont!
Missing character: There is no e in font nullfont!
Missing character: There is no n in font nullfont!
Missing character: There is no t in font nullfont!
Missing character: There is no i in font nullfont!
Missing character: There is no t in font nullfont!
Missing character: There is no y in font nullfont!
Missing character: There is no [ in font nullfont!
\citation{Wald identity paper}
! Undefined control sequence.
<write> ...: Citation `\@citeb ' on page \thepage 
                                                  \space undefined\on@line .
l.26 ...e Wald identity \cite{Wald identity paper}
                                                  , we have
The control sequence at the end of the top line
of your error message was never \def'ed. If you have
misspelled it (e.g., `\hobx'), type `I' and the correct
spelling (e.g., `I\hbox'). Otherwise just continue,
and I'll forget about whatever was undefined.


LaTeX Warning: Citation `Wald identity paper' on page  undefined on input line 
26.

Missing character: There is no ] in font nullfont!
Missing character: There is no , in font nullfont!
Missing character: There is no w in font nullfont!
Missing character: There is no e in font nullfont!
Missing character: There is no h in font nullfont!
Missing character: There is no a in font nullfont!
Missing character: There is no v in font nullfont!
Missing character: There is no e in font nullfont!

Overfull \hbox (20.0pt too wide) in paragraph at lines 26--27
[]
 []


Overfull \hbox (5.43053pt too wide) in paragraph at lines 26--27
[]
 []

Missing character: There is no C in font nullfont!
Missing character: There is no o in font nullfont!
Missing character: There is no m in font nullfont!
Missing character: There is no b in font nullfont!
Missing character: There is no i in font nullfont!
Missing character: There is no n in font nullfont!
Missing character: There is no i in font nullfont!
Missing character: There is no n in font nullfont!
Missing character: There is no g in font nullfont!
Missing character: There is no e in font nullfont!
Missing character: There is no q in font nullfont!
Missing character: There is no . in font nullfont!
Missing character: There is no 1 in font nullfont!
Missing character: There is no 2 in font nullfont!
Missing character: There is no 3 in font nullfont!
Missing character: There is no , in font nullfont!
Missing character: There is no e in font nullfont!
Missing character: There is no q in font nullfont!
Missing character: There is no . in font nullfont!
Missing character: There is no 1 in font nullfont!
Missing character: There is no 2 in font nullfont!
Missing character: There is no 4 in font nullfont!
Missing character: There is no a in font nullfont!
Missing character: There is no n in font nullfont!
Missing character: There is no d in font nullfont!
Missing character: There is no e in font nullfont!
Missing character: There is no q in font nullfont!
Missing character: There is no . in font nullfont!
Missing character: There is no J in font nullfont!
Missing character: There is no . in font nullfont!
Missing character: There is no 1 in font nullfont!
Missing character: There is no a in font nullfont!
Missing character: There is no o in font nullfont!
Missing character: There is no f in font nullfont!
Missing character: There is no [ in font nullfont!
\citation{Hollands:2024iqp}
! Undefined control sequence.
<write> ...: Citation `\@citeb ' on page \thepage 
                                                  \space undefined\on@line .
l.30 ...24 and eq. J.1a of \cite{Hollands:2024iqp}
                                                   gives
The control sequence at the end of the top line
of your error message was never \def'ed. If you have
misspelled it (e.g., `\hobx'), type `I' and the correct
spelling (e.g., `I\hbox'). Otherwise just continue,
and I'll forget about whatever was undefined.


LaTeX Warning: Citation `Hollands:2024iqp' on page  undefined on input line 30.


Missing character: There is no ] in font nullfont!
Missing character: There is no g in font nullfont!
Missing character: There is no i in font nullfont!
Missing character: There is no v in font nullfont!
Missing character: There is no e in font nullfont!
Missing character: There is no s in font nullfont!

Overfull \hbox (20.0pt too wide) in paragraph at lines 30--31
[]
 []


Overfull \hbox (5.43053pt too wide) in paragraph at lines 30--31
[]
 []


Overfull \hbox (20.0pt too wide) in paragraph at lines 32--32
[] 
 []

! Undefined control sequence.
l.33 2 \tilde{\thorn
                    }' \tilde{\thorn}' \tilde{\thorn}' \bar{\psi}^{5 \circ}_...
The control sequence at the end of the top line
of your error message was never \def'ed. If you have
misspelled it (e.g., `\hobx'), type `I' and the correct
spelling (e.g., `I\hbox'). Otherwise just continue,
and I'll forget about whatever was undefined.

! Undefined control sequence.
l.33 2 \tilde{\thorn}' \tilde{\thorn
                                    }' \tilde{\thorn}' \bar{\psi}^{5 \circ}_...
The control sequence at the end of the top line
of your error message was never \def'ed. If you have
misspelled it (e.g., `\hobx'), type `I' and the correct
spelling (e.g., `I\hbox'). Otherwise just continue,
and I'll forget about whatever was undefined.

! Undefined control sequence.
l.33 ...lde{\thorn}' \tilde{\thorn}' \tilde{\thorn
                                                  }' \bar{\psi}^{5 \circ}_0 ...
The control sequence at the end of the top line
of your error message was never \def'ed. If you have
misspelled it (e.g., `\hobx'), type `I' and the correct
spelling (e.g., `I\hbox'). Otherwise just continue,
and I'll forget about whatever was undefined.

! Undefined control sequence.
l.33 ...orn}' \bar{\psi}^{5 \circ}_0 = \tilde{\eth
                                                  }' \tilde{\eth}' \tilde{\e...
The control sequence at the end of the top line
of your error message was never \def'ed. If you have
misspelled it (e.g., `\hobx'), type `I' and the correct
spelling (e.g., `I\hbox'). Otherwise just continue,
and I'll forget about whatever was undefined.

! Undefined control sequence.
l.33 ...i}^{5 \circ}_0 = \tilde{\eth}' \tilde{\eth
                                                  }' \tilde{\eth}' \tilde{\e...
The control sequence at the end of the top line
of your error message was never \def'ed. If you have
misspelled it (e.g., `\hobx'), type `I' and the correct
spelling (e.g., `I\hbox'). Otherwise just continue,
and I'll forget about whatever was undefined.

! Undefined control sequence.
l.33 ... = \tilde{\eth}' \tilde{\eth}' \tilde{\eth
                                                  }' \tilde{\eth}' \tilde{\e...
The control sequence at the end of the top line
of your error message was never \def'ed. If you have
misspelled it (e.g., `\hobx'), type `I' and the correct
spelling (e.g., `I\hbox'). Otherwise just continue,
and I'll forget about whatever was undefined.

! Undefined control sequence.
l.33 ...}' \tilde{\eth}' \tilde{\eth}' \tilde{\eth
                                                  }' \tilde{\eth} \tilde{\et...
The control sequence at the end of the top line
of your error message was never \def'ed. If you have
misspelled it (e.g., `\hobx'), type `I' and the correct
spelling (e.g., `I\hbox'). Otherwise just continue,
and I'll forget about whatever was undefined.

! Undefined control sequence.
l.33 ...}' \tilde{\eth}' \tilde{\eth}' \tilde{\eth
                                                  } \tilde{\eth} \tilde{\eth...
The control sequence at the end of the top line
of your error message was never \def'ed. If you have
misspelled it (e.g., `\hobx'), type `I' and the correct
spelling (e.g., `I\hbox'). Otherwise just continue,
and I'll forget about whatever was undefined.

! Undefined control sequence.
l.33 ...h}' \tilde{\eth}' \tilde{\eth} \tilde{\eth
                                                  } \tilde{\eth} \tilde{\eth...
The control sequence at the end of the top line
of your error message was never \def'ed. If you have
misspelled it (e.g., `\hobx'), type `I' and the correct
spelling (e.g., `I\hbox'). Otherwise just continue,
and I'll forget about whatever was undefined.

! Undefined control sequence.
l.33 ...th}' \tilde{\eth} \tilde{\eth} \tilde{\eth
                                                  } \tilde{\eth} \bar{f}^\ci...
The control sequence at the end of the top line
of your error message was never \def'ed. If you have
misspelled it (e.g., `\hobx'), type `I' and the correct
spelling (e.g., `I\hbox'). Otherwise just continue,
and I'll forget about whatever was undefined.

! Undefined control sequence.
l.33 ...eth} \tilde{\eth} \tilde{\eth} \tilde{\eth
                                                  } \bar{f}^\circ - 9 \Psi^\...
The control sequence at the end of the top line
of your error message was never \def'ed. If you have
misspelled it (e.g., `\hobx'), type `I' and the correct
spelling (e.g., `I\hbox'). Otherwise just continue,
and I'll forget about whatever was undefined.

! Undefined control sequence.
l.33 ... \Psi^\circ \bar{\Psi}^\circ \tilde{\thorn
                                                  }' \tilde{\thorn}' \bar{f}...
The control sequence at the end of the top line
of your error message was never \def'ed. If you have
misspelled it (e.g., `\hobx'), type `I' and the correct
spelling (e.g., `I\hbox'). Otherwise just continue,
and I'll forget about whatever was undefined.

! Undefined control sequence.
l.33 ...{\Psi}^\circ \tilde{\thorn}' \tilde{\thorn
                                                  }' \bar{f}^\circ.
The control sequence at the end of the top line
of your error message was never \def'ed. If you have
misspelled it (e.g., `\hobx'), type `I' and the correct
spelling (e.g., `I\hbox'). Otherwise just continue,
and I'll forget about whatever was undefined.


Overfull \hbox (120.48395pt too wide) detected at line 34
\OT1/cmr/m/n/10 2[][][][][][][] = [][][][][][][][][][][][][] \OMS/cmsy/m/n/10 ^
^@ \OT1/cmr/m/n/10 9	[][][][][][][]\OML/cmm/m/it/10 :
 []

Missing character: There is no B in font nullfont!
Missing character: There is no y in font nullfont!
Missing character: There is no e in font nullfont!
Missing character: There is no x in font nullfont!
Missing character: There is no p in font nullfont!
Missing character: There is no a in font nullfont!
Missing character: There is no n in font nullfont!
Missing character: There is no d in font nullfont!
Missing character: There is no i in font nullfont!
Missing character: There is no n in font nullfont!
Missing character: There is no g in font nullfont!
Missing character: There is no a in font nullfont!
Missing character: There is no n in font nullfont!
Missing character: There is no d in font nullfont!
Missing character: There is no i in font nullfont!
Missing character: There is no n in font nullfont!
Missing character: There is no s in font nullfont!
Missing character: There is no p in font nullfont!
Missing character: There is no h in font nullfont!
Missing character: There is no e in font nullfont!
Missing character: There is no r in font nullfont!
Missing character: There is no o in font nullfont!
Missing character: There is no i in font nullfont!
Missing character: There is no d in font nullfont!
Missing character: There is no a in font nullfont!
Missing character: There is no l in font nullfont!
Missing character: There is no ( in font nullfont!
Missing character: There is no s in font nullfont!
Missing character: There is no p in font nullfont!
Missing character: There is no i in font nullfont!
Missing character: There is no n in font nullfont!
Missing character: There is no - in font nullfont!
Missing character: There is no w in font nullfont!
Missing character: There is no e in font nullfont!
Missing character: There is no i in font nullfont!
Missing character: There is no g in font nullfont!
Missing character: There is no h in font nullfont!
Missing character: There is no t in font nullfont!
Missing character: There is no e in font nullfont!
Missing character: There is no d in font nullfont!
Missing character: There is no h in font nullfont!
Missing character: There is no a in font nullfont!
Missing character: There is no r in font nullfont!
Missing character: There is no m in font nullfont!
Missing character: There is no o in font nullfont!
Missing character: There is no n in font nullfont!
Missing character: There is no i in font nullfont!
Missing character: There is no c in font nullfont!
Missing character: There is no s in font nullfont!
Missing character: There is no i in font nullfont!
Missing character: There is no n in font nullfont!
Missing character: There is no S in font nullfont!
Missing character: There is no c in font nullfont!
Missing character: There is no h in font nullfont!
Missing character: There is no w in font nullfont!
Missing character: There is no a in font nullfont!
Missing character: There is no r in font nullfont!
Missing character: There is no z in font nullfont!
Missing character: There is no s in font nullfont!
Missing character: There is no c in font nullfont!
Missing character: There is no h in font nullfont!
Missing character: There is no i in font nullfont!
Missing character: There is no l in font nullfont!
Missing character: There is no d in font nullfont!
Missing character: There is no ) in font nullfont!
Missing character: There is no h in font nullfont!
Missing character: There is no a in font nullfont!
Missing character: There is no r in font nullfont!
Missing character: There is no m in font nullfont!
Missing character: There is no o in font nullfont!
Missing character: There is no n in font nullfont!
Missing character: There is no i in font nullfont!
Missing character: There is no c in font nullfont!
Missing character: There is no s in font nullfont!
Missing character: There is no , in font nullfont!
Missing character: There is no o in font nullfont!
Missing character: There is no n in font nullfont!
Missing character: There is no e in font nullfont!
Missing character: There is no c in font nullfont!
Missing character: There is no a in font nullfont!
Missing character: There is no n in font nullfont!
Missing character: There is no r in font nullfont!
Missing character: There is no e in font nullfont!
Missing character: There is no v in font nullfont!
Missing character: There is no e in font nullfont!
Missing character: There is no r in font nullfont!
Missing character: There is no s in font nullfont!
Missing character: There is no e in font nullfont!
Missing character: There is no t in font nullfont!
Missing character: There is no h in font nullfont!
Missing character: There is no i in font nullfont!
Missing character: There is no s in font nullfont!
Missing character: There is no e in font nullfont!
Missing character: There is no q in font nullfont!
Missing character: There is no u in font nullfont!
Missing character: There is no a in font nullfont!
Missing character: There is no t in font nullfont!
Missing character: There is no i in font nullfont!
Missing character: There is no o in font nullfont!
Missing character: There is no n in font nullfont!
Missing character: There is no a in font nullfont!
Missing character: There is no n in font nullfont!
Missing character: There is no d in font nullfont!
Missing character: There is no o in font nullfont!
Missing character: There is no b in font nullfont!
Missing character: There is no t in font nullfont!
Missing character: There is no a in font nullfont!
Missing character: There is no i in font nullfont!
Missing character: There is no n in font nullfont!
Missing character: There is no . in font nullfont!
Missing character: There is no N in font nullfont!
Missing character: There is no e in font nullfont!
Missing character: There is no x in font nullfont!
Missing character: There is no t in font nullfont!
Missing character: There is no , in font nullfont!
Missing character: There is no w in font nullfont!
Missing character: There is no e in font nullfont!
Missing character: There is no o in font nullfont!
Missing character: There is no b in font nullfont!
Missing character: There is no t in font nullfont!
Missing character: There is no a in font nullfont!
Missing character: There is no i in font nullfont!
Missing character: There is no n in font nullfont!
Missing character: There is no f in font nullfont!
Missing character: There is no o in font nullfont!
Missing character: There is no l in font nullfont!
Missing character: There is no o in font nullfont!
Missing character: There is no o in font nullfont!
Missing character: There is no w in font nullfont!
Missing character: There is no i in font nullfont!
Missing character: There is no n in font nullfont!
Missing character: There is no g in font nullfont!
Missing character: There is no H in font nullfont!
Missing character: There is no e in font nullfont!
Missing character: There is no l in font nullfont!
Missing character: There is no d in font nullfont!
Missing character: There is no - in font nullfont!
Missing character: There is no l in font nullfont!
Missing character: There is no i in font nullfont!
Missing character: There is no k in font nullfont!
Missing character: There is no e in font nullfont!
Missing character: There is no s in font nullfont!
Missing character: There is no c in font nullfont!
Missing character: There is no a in font nullfont!
Missing character: There is no l in font nullfont!
Missing character: There is no a in font nullfont!
Missing character: There is no r in font nullfont!
Missing character: There is no s in font nullfont!
Missing character: There is no f in font nullfont!
Missing character: There is no r in font nullfont!
Missing character: There is no o in font nullfont!
Missing character: There is no m in font nullfont!
Missing character: There is no ( in font nullfont!
Missing character: There is no a in font nullfont!
Missing character: There is no n in font nullfont!
Missing character: There is no d in font nullfont!
Missing character: There is no p in font nullfont!
Missing character: There is no o in font nullfont!
Missing character: There is no t in font nullfont!
Missing character: There is no e in font nullfont!
Missing character: There is no n in font nullfont!
Missing character: There is no t in font nullfont!
Missing character: There is no i in font nullfont!
Missing character: There is no a in font nullfont!
Missing character: There is no l in font nullfont!
Missing character: There is no l in font nullfont!
Missing character: There is no y in font nullfont!
Missing character: There is no O in font nullfont!
Missing character: There is no D in font nullfont!
Missing character: There is no E in font nullfont!
Missing character: There is no s in font nullfont!
Missing character: There is no i in font nullfont!
Missing character: There is no n in font nullfont!
Missing character: There is no t in font nullfont!
Missing character: There is no e in font nullfont!
Missing character: There is no r in font nullfont!
Missing character: There is no m in font nullfont!
Missing character: There is no s in font nullfont!
Missing character: There is no o in font nullfont!
Missing character: There is no f in font nullfont!
Missing character: There is no ) in font nullfont!
Missing character: There is no . in font nullfont!

Overfull \hbox (20.0pt too wide) in paragraph at lines 36--37
[]
 []


Overfull \hbox (10.56949pt too wide) in paragraph at lines 36--37
[]$
 []


Overfull \hbox (15.45605pt too wide) in paragraph at lines 36--37
[]$
 []


Overfull \hbox (10.56949pt too wide) in paragraph at lines 36--37
[]$
 []


Overfull \hbox (14.64874pt too wide) in paragraph at lines 36--37
\OT1/cmr/m/n/10 ^^H[]$
 []


Overfull \hbox (10.56949pt too wide) in paragraph at lines 36--37
[]$
 []


Overfull \hbox (11.82909pt too wide) in paragraph at lines 36--37
[]$ 
 []


Overfull \hbox (20.0pt too wide) in paragraph at lines 38--38
[] 
 []

! Undefined control sequence.
l.39 \tilde{\thorn
                  }' \tilde{\thorn}' \Phi^{0 \circ} = - \frac{1}{3} \tilde{\...
The control sequence at the end of the top line
of your error message was never \def'ed. If you have
misspelled it (e.g., `\hobx'), type `I' and the correct
spelling (e.g., `I\hbox'). Otherwise just continue,
and I'll forget about whatever was undefined.

! Undefined control sequence.
l.39 \tilde{\thorn}' \tilde{\thorn
                                  }' \Phi^{0 \circ} = - \frac{1}{3} \tilde{\...
The control sequence at the end of the top line
of your error message was never \def'ed. If you have
misspelled it (e.g., `\hobx'), type `I' and the correct
spelling (e.g., `I\hbox'). Otherwise just continue,
and I'll forget about whatever was undefined.

! Undefined control sequence.
l.39 ...\Phi^{0 \circ} = - \frac{1}{3} \tilde{\eth
                                                  }' \tilde{\eth}' \tilde{\e...
The control sequence at the end of the top line
of your error message was never \def'ed. If you have
misspelled it (e.g., `\hobx'), type `I' and the correct
spelling (e.g., `I\hbox'). Otherwise just continue,
and I'll forget about whatever was undefined.

! Undefined control sequence.
l.39 ... = - \frac{1}{3} \tilde{\eth}' \tilde{\eth
                                                  }' \tilde{\eth}' \tilde{\e...
The control sequence at the end of the top line
of your error message was never \def'ed. If you have
misspelled it (e.g., `\hobx'), type `I' and the correct
spelling (e.g., `I\hbox'). Otherwise just continue,
and I'll forget about whatever was undefined.

! Undefined control sequence.
l.39 ...3} \tilde{\eth}' \tilde{\eth}' \tilde{\eth
                                                  }' \tilde{\eth} \tilde{\et...
The control sequence at the end of the top line
of your error message was never \def'ed. If you have
misspelled it (e.g., `\hobx'), type `I' and the correct
spelling (e.g., `I\hbox'). Otherwise just continue,
and I'll forget about whatever was undefined.

! Undefined control sequence.
l.39 ...}' \tilde{\eth}' \tilde{\eth}' \tilde{\eth
                                                  } \tilde{\eth} \tilde{\eth...
The control sequence at the end of the top line
of your error message was never \def'ed. If you have
misspelled it (e.g., `\hobx'), type `I' and the correct
spelling (e.g., `I\hbox'). Otherwise just continue,
and I'll forget about whatever was undefined.

! Undefined control sequence.
l.39 ...h}' \tilde{\eth}' \tilde{\eth} \tilde{\eth
                                                  } \tilde{\eth} \bar{f}^\ci...
The control sequence at the end of the top line
of your error message was never \def'ed. If you have
misspelled it (e.g., `\hobx'), type `I' and the correct
spelling (e.g., `I\hbox'). Otherwise just continue,
and I'll forget about whatever was undefined.

! Undefined control sequence.
l.39 ...th}' \tilde{\eth} \tilde{\eth} \tilde{\eth
                                                  } \bar{f}^\circ - \left[ 2...
The control sequence at the end of the top line
of your error message was never \def'ed. If you have
misspelled it (e.g., `\hobx'), type `I' and the correct
spelling (e.g., `I\hbox'). Otherwise just continue,
and I'll forget about whatever was undefined.

! Undefined control sequence.
l.39 ...rc - \left[ 2 \bar{\tau}^\circ \tilde{\eth
                                                  }' \tilde{\eth} \tilde{\et...
The control sequence at the end of the top line
of your error message was never \def'ed. If you have
misspelled it (e.g., `\hobx'), type `I' and the correct
spelling (e.g., `I\hbox'). Otherwise just continue,
and I'll forget about whatever was undefined.

! Undefined control sequence.
l.39 ...\bar{\tau}^\circ \tilde{\eth}' \tilde{\eth
                                                  } \tilde{\eth} + \Psi^\cir...
The control sequence at the end of the top line
of your error message was never \def'ed. If you have
misspelled it (e.g., `\hobx'), type `I' and the correct
spelling (e.g., `I\hbox'). Otherwise just continue,
and I'll forget about whatever was undefined.

! Undefined control sequence.
l.39 ...irc \tilde{\eth}' \tilde{\eth} \tilde{\eth
                                                  } + \Psi^\circ \tilde{\eth...
The control sequence at the end of the top line
of your error message was never \def'ed. If you have
misspelled it (e.g., `\hobx'), type `I' and the correct
spelling (e.g., `I\hbox'). Otherwise just continue,
and I'll forget about whatever was undefined.

! Undefined control sequence.
l.39 ...eth} \tilde{\eth} + \Psi^\circ \tilde{\eth
                                                  }' \tilde{\eth} + 2 \Psi^\...
The control sequence at the end of the top line
of your error message was never \def'ed. If you have
misspelled it (e.g., `\hobx'), type `I' and the correct
spelling (e.g., `I\hbox'). Otherwise just continue,
and I'll forget about whatever was undefined.

! Undefined control sequence.
l.39 ...th} + \Psi^\circ \tilde{\eth}' \tilde{\eth
                                                  } + 2 \Psi^\circ \rho^{\pr...
The control sequence at the end of the top line
of your error message was never \def'ed. If you have
misspelled it (e.g., `\hobx'), type `I' and the correct
spelling (e.g., `I\hbox'). Otherwise just continue,
and I'll forget about whatever was undefined.

! Undefined control sequence.
l.39 ... \rho^{\prime \circ} \right] \tilde{\thorn
                                                  }' \bar{f}^\circ
The control sequence at the end of the top line
of your error message was never \def'ed. If you have
misspelled it (e.g., `\hobx'), type `I' and the correct
spelling (e.g., `I\hbox'). Otherwise just continue,
and I'll forget about whatever was undefined.


Overfull \hbox (187.04587pt too wide) detected at line 40
[][][][]\OT1/cmr/m/n/10 ^^H[] = \OMS/cmsy/m/n/10 ^^@[][][][][][][][][][][] ^^@ 
[] [][][]
 []


Overfull \hbox (20.0pt too wide) in paragraph at lines 42--42
[] 
 []

! Undefined control sequence.
l.43 \tilde{\thorn
                  }' \Phi^{1 \circ} = - \tilde{\eth}' \tilde{\eth}' \tilde{\...
The control sequence at the end of the top line
of your error message was never \def'ed. If you have
misspelled it (e.g., `\hobx'), type `I' and the correct
spelling (e.g., `I\hbox'). Otherwise just continue,
and I'll forget about whatever was undefined.

! Undefined control sequence.
l.43 ...de{\thorn}' \Phi^{1 \circ} = - \tilde{\eth
                                                  }' \tilde{\eth}' \tilde{\e...
The control sequence at the end of the top line
of your error message was never \def'ed. If you have
misspelled it (e.g., `\hobx'), type `I' and the correct
spelling (e.g., `I\hbox'). Otherwise just continue,
and I'll forget about whatever was undefined.

! Undefined control sequence.
l.43 ...hi^{1 \circ} = - \tilde{\eth}' \tilde{\eth
                                                  }' \tilde{\eth} \tilde{\et...
The control sequence at the end of the top line
of your error message was never \def'ed. If you have
misspelled it (e.g., `\hobx'), type `I' and the correct
spelling (e.g., `I\hbox'). Otherwise just continue,
and I'll forget about whatever was undefined.

! Undefined control sequence.
l.43 ... - \tilde{\eth}' \tilde{\eth}' \tilde{\eth
                                                  } \tilde{\eth} \bar{f}^\ci...
The control sequence at the end of the top line
of your error message was never \def'ed. If you have
misspelled it (e.g., `\hobx'), type `I' and the correct
spelling (e.g., `I\hbox'). Otherwise just continue,
and I'll forget about whatever was undefined.

! Undefined control sequence.
l.43 ...h}' \tilde{\eth}' \tilde{\eth} \tilde{\eth
                                                  } \bar{f}^\circ - \left[ 4...
The control sequence at the end of the top line
of your error message was never \def'ed. If you have
misspelled it (e.g., `\hobx'), type `I' and the correct
spelling (e.g., `I\hbox'). Otherwise just continue,
and I'll forget about whatever was undefined.

! Undefined control sequence.
l.43 ...rc - \left[ 4 \bar{\tau}^\circ \tilde{\eth
                                                  } + 3 \Psi^\circ \right] \...
The control sequence at the end of the top line
of your error message was never \def'ed. If you have
misspelled it (e.g., `\hobx'), type `I' and the correct
spelling (e.g., `I\hbox'). Otherwise just continue,
and I'll forget about whatever was undefined.

! Undefined control sequence.
l.43 ...\eth} + 3 \Psi^\circ \right] \tilde{\thorn
                                                  }' \bar{f}^\circ
The control sequence at the end of the top line
of your error message was never \def'ed. If you have
misspelled it (e.g., `\hobx'), type `I' and the correct
spelling (e.g., `I\hbox'). Otherwise just continue,
and I'll forget about whatever was undefined.


Overfull \hbox (128.97572pt too wide) detected at line 44
[][]\OT1/cmr/m/n/10 ^^H[] = \OMS/cmsy/m/n/10 ^^@[][][][][][][] ^^@ [] [][][]
 []


Overfull \hbox (20.0pt too wide) in paragraph at lines 46--46
[] 
 []

! Undefined control sequence.
l.47 \Phi^{2 \circ} = -2 \tilde{\eth
                                    }' \tilde{\eth} \bar{f}^\circ,
The control sequence at the end of the top line
of your error message was never \def'ed. If you have
misspelled it (e.g., `\hobx'), type `I' and the correct
spelling (e.g., `I\hbox'). Otherwise just continue,
and I'll forget about whatever was undefined.

! Undefined control sequence.
l.47 \Phi^{2 \circ} = -2 \tilde{\eth}' \tilde{\eth
                                                  } \bar{f}^\circ,
The control sequence at the end of the top line
of your error message was never \def'ed. If you have
misspelled it (e.g., `\hobx'), type `I' and the correct
spelling (e.g., `I\hbox'). Otherwise just continue,
and I'll forget about whatever was undefined.


Overfull \hbox (58.06946pt too wide) detected at line 48
\OT1/cmr/m/n/10 ^^H[] = \OMS/cmsy/m/n/10 ^^@\OT1/cmr/m/n/10 2[][][][]\OML/cmm/m
/it/10 ;
 []


Overfull \hbox (20.0pt too wide) in paragraph at lines 50--50
[] 
 []

! Undefined control sequence.
l.51 \Phi^{3 \circ} = -2 \tilde{\thorn
                                      }' \bar{f}^\circ,
The control sequence at the end of the top line
of your error message was never \def'ed. If you have
misspelled it (e.g., `\hobx'), type `I' and the correct
spelling (e.g., `I\hbox'). Otherwise just continue,
and I'll forget about whatever was undefined.


Overfull \hbox (58.06946pt too wide) detected at line 52
\OT1/cmr/m/n/10 ^^H[] = \OMS/cmsy/m/n/10 ^^@\OT1/cmr/m/n/10 2[][][]\OML/cmm/m/i
t/10 ;
 []


Overfull \hbox (20.0pt too wide) in paragraph at lines 54--54
[] 
 []

! Undefined control sequence.
l.55 \bar{\zeta}^\circ_m = \tilde{\eth
                                      } \bar{f}^\circ,
The control sequence at the end of the top line
of your error message was never \def'ed. If you have
misspelled it (e.g., `\hobx'), type `I' and the correct
spelling (e.g., `I\hbox'). Otherwise just continue,
and I'll forget about whatever was undefined.


Overfull \hbox (38.65163pt too wide) detected at line 56
[] \OT1/cmr/m/n/10 = [][]\OML/cmm/m/it/10 ;
 []


Overfull \hbox (20.0pt too wide) in paragraph at lines 58--58
[] 
 []

! Undefined control sequence.
l.59 \tilde{\thorn
                  }' \zeta^\circ_l = - \Re \left\{ \tilde{\eth} \tilde{\eth}...
The control sequence at the end of the top line
of your error message was never \def'ed. If you have
misspelled it (e.g., `\hobx'), type `I' and the correct
spelling (e.g., `I\hbox'). Otherwise just continue,
and I'll forget about whatever was undefined.

! Undefined control sequence.
l.59 ... \zeta^\circ_l = - \Re \left\{ \tilde{\eth
                                                  } \tilde{\eth} \bar{f}^\ci...
The control sequence at the end of the top line
of your error message was never \def'ed. If you have
misspelled it (e.g., `\hobx'), type `I' and the correct
spelling (e.g., `I\hbox'). Otherwise just continue,
and I'll forget about whatever was undefined.

! Undefined control sequence.
l.59 ...l = - \Re \left\{ \tilde{\eth} \tilde{\eth
                                                  } \bar{f}^\circ \right\},
The control sequence at the end of the top line
of your error message was never \def'ed. If you have
misspelled it (e.g., `\hobx'), type `I' and the correct
spelling (e.g., `I\hbox'). Otherwise just continue,
and I'll forget about whatever was undefined.


Overfull \hbox (69.19614pt too wide) detected at line 60
[][]\OML/cmm/m/it/10 ^^P[] \OT1/cmr/m/n/10 = \OMS/cmsy/m/n/10 ^^@< [] \OML/cmm/
m/it/10 ;
 []


Overfull \hbox (20.0pt too wide) in paragraph at lines 62--62
[] 
 []

! Undefined control sequence.
l.63 \tilde{\thorn
                  }' \zeta^\circ_n = - \Re \left\{ \tilde{\eth}' \tilde{\eth...
The control sequence at the end of the top line
of your error message was never \def'ed. If you have
misspelled it (e.g., `\hobx'), type `I' and the correct
spelling (e.g., `I\hbox'). Otherwise just continue,
and I'll forget about whatever was undefined.

! Undefined control sequence.
l.63 ... \zeta^\circ_n = - \Re \left\{ \tilde{\eth
                                                  }' \tilde{\eth} \tilde{\et...
The control sequence at the end of the top line
of your error message was never \def'ed. If you have
misspelled it (e.g., `\hobx'), type `I' and the correct
spelling (e.g., `I\hbox'). Otherwise just continue,
and I'll forget about whatever was undefined.

! Undefined control sequence.
l.63 ... = - \Re \left\{ \tilde{\eth}' \tilde{\eth
                                                  } \tilde{\eth} \tilde{\eth...
The control sequence at the end of the top line
of your error message was never \def'ed. If you have
misspelled it (e.g., `\hobx'), type `I' and the correct
spelling (e.g., `I\hbox'). Otherwise just continue,
and I'll forget about whatever was undefined.

! Undefined control sequence.
l.63 ...t\{ \tilde{\eth}' \tilde{\eth} \tilde{\eth
                                                  } \tilde{\eth} \bar{f}^\ci...
The control sequence at the end of the top line
of your error message was never \def'ed. If you have
misspelled it (e.g., `\hobx'), type `I' and the correct
spelling (e.g., `I\hbox'). Otherwise just continue,
and I'll forget about whatever was undefined.

! Undefined control sequence.
l.63 ...th}' \tilde{\eth} \tilde{\eth} \tilde{\eth
                                                  } \bar{f}^\circ - \rho^{\p...
The control sequence at the end of the top line
of your error message was never \def'ed. If you have
misspelled it (e.g., `\hobx'), type `I' and the correct
spelling (e.g., `I\hbox'). Otherwise just continue,
and I'll forget about whatever was undefined.

! Undefined control sequence.
l.63 ...f}^\circ - \rho^{\prime \circ} \tilde{\eth
                                                  } \tilde{\eth} \bar{f}^\ci...
The control sequence at the end of the top line
of your error message was never \def'ed. If you have
misspelled it (e.g., `\hobx'), type `I' and the correct
spelling (e.g., `I\hbox'). Otherwise just continue,
and I'll forget about whatever was undefined.

! Undefined control sequence.
l.63 ...ho^{\prime \circ} \tilde{\eth} \tilde{\eth
                                                  } \bar{f}^\circ - 2 \tau^\...
The control sequence at the end of the top line
of your error message was never \def'ed. If you have
misspelled it (e.g., `\hobx'), type `I' and the correct
spelling (e.g., `I\hbox'). Otherwise just continue,
and I'll forget about whatever was undefined.

! Undefined control sequence.
l.63 ...} \bar{f}^\circ - 2 \tau^\circ \tilde{\eth
                                                  } \tilde{\thorn}' \bar{f}^...
The control sequence at the end of the top line
of your error message was never \def'ed. If you have
misspelled it (e.g., `\hobx'), type `I' and the correct
spelling (e.g., `I\hbox'). Otherwise just continue,
and I'll forget about whatever was undefined.

! Undefined control sequence.
l.63 ... - 2 \tau^\circ \tilde{\eth} \tilde{\thorn
                                                  }' \bar{f}^\circ - \frac{1...
The control sequence at the end of the top line
of your error message was never \def'ed. If you have
misspelled it (e.g., `\hobx'), type `I' and the correct
spelling (e.g., `I\hbox'). Otherwise just continue,
and I'll forget about whatever was undefined.

! Undefined control sequence.
l.63 ...irc - \frac{1}{2} \Omega^\circ \tilde{\eth
                                                  } \tilde{\eth} \tilde{\tho...
The control sequence at the end of the top line
of your error message was never \def'ed. If you have
misspelled it (e.g., `\hobx'), type `I' and the correct
spelling (e.g., `I\hbox'). Otherwise just continue,
and I'll forget about whatever was undefined.

! Undefined control sequence.
l.63 ...}{2} \Omega^\circ \tilde{\eth} \tilde{\eth
                                                  } \tilde{\thorn}' \bar{f}^...
The control sequence at the end of the top line
of your error message was never \def'ed. If you have
misspelled it (e.g., `\hobx'), type `I' and the correct
spelling (e.g., `I\hbox'). Otherwise just continue,
and I'll forget about whatever was undefined.

! Undefined control sequence.
l.63 ...rc \tilde{\eth} \tilde{\eth} \tilde{\thorn
                                                  }' \bar{f}^\circ \right\},
The control sequence at the end of the top line
of your error message was never \def'ed. If you have
misspelled it (e.g., `\hobx'), type `I' and the correct
spelling (e.g., `I\hbox'). Otherwise just continue,
and I'll forget about whatever was undefined.


Overfull \hbox (195.82239pt too wide) detected at line 64
[][]\OML/cmm/m/it/10 ^^P[] \OT1/cmr/m/n/10 = \OMS/cmsy/m/n/10 ^^@< [] \OML/cmm/
m/it/10 ;
 []

Missing character: There is no k in font nullfont!
Missing character: There is no s in font nullfont!
Missing character: There is no l in font nullfont!
Missing character: There is no f in font nullfont!
Missing character: There is no h in font nullfont!
Missing character: There is no a in font nullfont!
Missing character: There is no d in font nullfont!
Missing character: There is no l in font nullfont!
Missing character: There is no f in font nullfont!

Overfull \hbox (20.0pt too wide) in paragraph at lines 66--67
[] 
 []


! LaTeX Error: Environment multline undefined.

See the LaTeX manual or LaTeX Companion for explanation.
Type  H <return>  for immediate help.
 ...                                              
                                                  
l.68 \begin{multline}
                     
Your command was ignored.
Type  I <command> <return>  to replace it with another command,
or  <return>  to continue without it.


! LaTeX Error: \mathcal allowed only in math mode.

See the LaTeX manual or LaTeX Companion for explanation.
Type  H <return>  for immediate help.
 ...                                              
                                                  
l.69 \mathcal
             {L}_\xi g_{ab} n^a m^b = \bar{\rho} \tilde{\eth}' \tilde{\eth} ...

You're in trouble here.  Try typing  <return>  to proceed.
If that doesn't work, type  X <return>  to quit.

Missing character: There is no L in font nullfont!
! Missing $ inserted.
<inserted text> 
                $
l.69 \mathcal{L}_
                 \xi g_{ab} n^a m^b = \bar{\rho} \tilde{\eth}' \tilde{\eth} ...
I've inserted a begin-math/end-math symbol since I think
you left one out. Proceed, with fingers crossed.

! Undefined control sequence.
l.69 ...xi g_{ab} n^a m^b = \bar{\rho} \tilde{\eth
                                                  }' \tilde{\eth} \tilde{\et...
The control sequence at the end of the top line
of your error message was never \def'ed. If you have
misspelled it (e.g., `\hobx'), type `I' and the correct
spelling (e.g., `I\hbox'). Otherwise just continue,
and I'll forget about whatever was undefined.

! Undefined control sequence.
l.69 ...m^b = \bar{\rho} \tilde{\eth}' \tilde{\eth
                                                  } \tilde{\eth} \xi^\circ_l...
The control sequence at the end of the top line
of your error message was never \def'ed. If you have
misspelled it (e.g., `\hobx'), type `I' and the correct
spelling (e.g., `I\hbox'). Otherwise just continue,
and I'll forget about whatever was undefined.

! Undefined control sequence.
l.69 ...ho} \tilde{\eth}' \tilde{\eth} \tilde{\eth
                                                  } \xi^\circ_l + \rho (\rho...
The control sequence at the end of the top line
of your error message was never \def'ed. If you have
misspelled it (e.g., `\hobx'), type `I' and the correct
spelling (e.g., `I\hbox'). Otherwise just continue,
and I'll forget about whatever was undefined.

! Undefined control sequence.
l.69 ...(\rho + \bar{\rho}) \Psi^\circ \tilde{\eth
                                                  } \xi^\circ_l  - 2 \rho \b...
The control sequence at the end of the top line
of your error message was never \def'ed. If you have
misspelled it (e.g., `\hobx'), type `I' and the correct
spelling (e.g., `I\hbox'). Otherwise just continue,
and I'll forget about whatever was undefined.

! Undefined control sequence.
l.69 ...- 2 \rho \bar{\rho} \bar{\tau} \tilde{\eth
                                                  } \tilde{\eth} \xi^\circ_l...
The control sequence at the end of the top line
of your error message was never \def'ed. If you have
misspelled it (e.g., `\hobx'), type `I' and the correct
spelling (e.g., `I\hbox'). Otherwise just continue,
and I'll forget about whatever was undefined.

! Undefined control sequence.
l.69 ...{\rho} \bar{\tau} \tilde{\eth} \tilde{\eth
                                                  } \xi^\circ_l - \bar{\rho}...
The control sequence at the end of the top line
of your error message was never \def'ed. If you have
misspelled it (e.g., `\hobx'), type `I' and the correct
spelling (e.g., `I\hbox'). Otherwise just continue,
and I'll forget about whatever was undefined.

! Undefined control sequence.
l.69 ...rc_l - \bar{\rho} \Omega^\circ \tilde{\eth
                                                  }' \tilde{\eth}' \tilde{\e...
The control sequence at the end of the top line
of your error message was never \def'ed. If you have
misspelled it (e.g., `\hobx'), type `I' and the correct
spelling (e.g., `I\hbox'). Otherwise just continue,
and I'll forget about whatever was undefined.

! Undefined control sequence.
l.69 ...ho} \Omega^\circ \tilde{\eth}' \tilde{\eth
                                                  }' \tilde{\eth} f^\circ + ...
The control sequence at the end of the top line
of your error message was never \def'ed. If you have
misspelled it (e.g., `\hobx'), type `I' and the correct
spelling (e.g., `I\hbox'). Otherwise just continue,
and I'll forget about whatever was undefined.

! Undefined control sequence.
l.69 ...rc \tilde{\eth}' \tilde{\eth}' \tilde{\eth
                                                  } f^\circ + 2 \rho \bar{\t...
The control sequence at the end of the top line
of your error message was never \def'ed. If you have
misspelled it (e.g., `\hobx'), type `I' and the correct
spelling (e.g., `I\hbox'). Otherwise just continue,
and I'll forget about whatever was undefined.

! Undefined control sequence.
l.69 ...circ + 2 \rho \bar{\tau}^\circ \tilde{\eth
                                                  }' \tilde{\eth} f^\circ + ...
The control sequence at the end of the top line
of your error message was never \def'ed. If you have
misspelled it (e.g., `\hobx'), type `I' and the correct
spelling (e.g., `I\hbox'). Otherwise just continue,
and I'll forget about whatever was undefined.

! Undefined control sequence.
l.69 ...\bar{\tau}^\circ \tilde{\eth}' \tilde{\eth
                                                  } f^\circ + \left(\frac{1}...
The control sequence at the end of the top line
of your error message was never \def'ed. If you have
misspelled it (e.g., `\hobx'), type `I' and the correct
spelling (e.g., `I\hbox'). Otherwise just continue,
and I'll forget about whatever was undefined.

! Undefined control sequence.
l.69 ...Omega^\circ \bar{\tau}^\circ \tilde{\thorn
                                                  }' f^\circ\\
The control sequence at the end of the top line
of your error message was never \def'ed. If you have
misspelled it (e.g., `\hobx'), type `I' and the correct
spelling (e.g., `I\hbox'). Otherwise just continue,
and I'll forget about whatever was undefined.

! Undefined control sequence.
l.70 - 2 \bar{\rho} \tau^\circ \tilde{\eth
                                          }' \tilde{\eth}' f^\circ - \frac{\...
The control sequence at the end of the top line
of your error message was never \def'ed. If you have
misspelled it (e.g., `\hobx'), type `I' and the correct
spelling (e.g., `I\hbox'). Otherwise just continue,
and I'll forget about whatever was undefined.

! Undefined control sequence.
l.70 ...\rho} \tau^\circ \tilde{\eth}' \tilde{\eth
                                                  }' f^\circ - \frac{\rho^2}...
The control sequence at the end of the top line
of your error message was never \def'ed. If you have
misspelled it (e.g., `\hobx'), type `I' and the correct
spelling (e.g., `I\hbox'). Otherwise just continue,
and I'll forget about whatever was undefined.

! Undefined control sequence.
l.70 ...\rho^2}{\bar{\rho}} \Psi^\circ \tilde{\eth
                                                  }' f^\circ + \bar{\rho} \b...
The control sequence at the end of the top line
of your error message was never \def'ed. If you have
misspelled it (e.g., `\hobx'), type `I' and the correct
spelling (e.g., `I\hbox'). Otherwise just continue,
and I'll forget about whatever was undefined.

! Undefined control sequence.
l.70 ... + \bar{\rho} \bar{\Psi}^\circ \tilde{\eth
                                                  }' f^\circ - 6 \bar{\rho} ...
The control sequence at the end of the top line
of your error message was never \def'ed. If you have
misspelled it (e.g., `\hobx'), type `I' and the correct
spelling (e.g., `I\hbox'). Otherwise just continue,
and I'll forget about whatever was undefined.

! Undefined control sequence.
l.70 ...mega^\circ \rho^{\prime \circ} \tilde{\eth
                                                  }' f^\circ + 4 \rho \bar{\...
The control sequence at the end of the top line
of your error message was never \def'ed. If you have
misspelled it (e.g., `\hobx'), type `I' and the correct
spelling (e.g., `I\hbox'). Otherwise just continue,
and I'll forget about whatever was undefined.

! Undefined control sequence.
l.70 ...o} \tau^\circ \bar{\tau}^\circ \tilde{\eth
                                                  }' f^\circ + 8 \rho \rho^{...
The control sequence at the end of the top line
of your error message was never \def'ed. If you have
misspelled it (e.g., `\hobx'), type `I' and the correct
spelling (e.g., `I\hbox'). Otherwise just continue,
and I'll forget about whatever was undefined.


! LaTeX Error: \begin{document} ended by \end{multline}.

See the LaTeX manual or LaTeX Companion for explanation.
Type  H <return>  for immediate help.
 ...                                              
                                                  
l.71 \end{multline}
                   
Your command was ignored.
Type  I <command> <return>  to replace it with another command,
or  <return>  to continue without it.

! Missing $ inserted.
<inserted text> 
                $
l.71 \end{multline}
                   
I've inserted something that you may have forgotten.
(See the <inserted text> above.)
With luck, this will get me unwedged. But if you
really didn't forget anything, try typing `2' now; then
my insertion and my current dilemma will both disappear.


Overfull \hbox (71.69391pt too wide) in paragraph at lines 69--72
[]$[]\OML/cmm/m/it/10 g[]n[]m[] \OT1/cmr/m/n/10 =
 []


Overfull \hbox (25.18582pt too wide) in paragraph at lines 69--72
[][][][][]\OML/cmm/m/it/10 ^^X[] \OT1/cmr/m/n/10 +
 []


Overfull \hbox (22.007pt too wide) in paragraph at lines 69--72
\OML/cmm/m/it/10 ^^Z\OT1/cmr/m/n/10 (\OML/cmm/m/it/10 ^^Z \OT1/cmr/m/n/10 +
 []


Overfull \hbox (38.6442pt too wide) in paragraph at lines 69--72
[]\OT1/cmr/m/n/10 )	[][]\OML/cmm/m/it/10 ^^X[] \OMS/cmsy/m/n/10 ^^@
 []


Overfull \hbox (38.05391pt too wide) in paragraph at lines 69--72
\OT1/cmr/m/n/10 2\OML/cmm/m/it/10 ^^Z[][][][]^^X[] \OMS/cmsy/m/n/10 ^^@
 []


Overfull \hbox (40.94801pt too wide) in paragraph at lines 69--72
[]\OT1/cmr/m/n/10 
[][][][][][]\OML/cmm/m/it/10 f[] \OT1/cmr/m/n/10 +
 []


Overfull \hbox (41.42372pt too wide) in paragraph at lines 69--72
\OT1/cmr/m/n/10 2\OML/cmm/m/it/10 ^^Z[][][][]f[] \OT1/cmr/m/n/10 +
 []


Overfull \hbox (90.0597pt too wide) in paragraph at lines 69--72
[] \OT1/cmr/m/n/10 +
 []


Overfull \hbox (21.83687pt too wide) in paragraph at lines 69--72
\OT1/cmr/m/n/10 2(\OML/cmm/m/it/10 ^^Z \OT1/cmr/m/n/10 +
 []


Overfull \hbox (44.35426pt too wide) in paragraph at lines 69--72
[]\OT1/cmr/m/n/10 )
[][][][]\OML/cmm/m/it/10 f[][] 
 []


Overfull \hbox (7.7778pt too wide) in paragraph at lines 69--72
\OMS/cmsy/m/n/10 ^^@
 []


Overfull \hbox (44.22928pt too wide) in paragraph at lines 69--72
\OT1/cmr/m/n/10 2[]\OML/cmm/m/it/10 ^^\[][][][][]f[] \OMS/cmsy/m/n/10 ^^@
 []


Overfull \hbox (43.97969pt too wide) in paragraph at lines 69--72
[]\OT1/cmr/m/n/10 	[][][]\OML/cmm/m/it/10 f[] \OT1/cmr/m/n/10 +
 []


Overfull \hbox (38.69803pt too wide) in paragraph at lines 69--72
[][][][]\OML/cmm/m/it/10 f[] \OMS/cmsy/m/n/10 ^^@
 []


Overfull \hbox (55.21541pt too wide) in paragraph at lines 69--72
\OT1/cmr/m/n/10 6[]
[]\OML/cmm/m/it/10 ^^Z[][][]f[] \OT1/cmr/m/n/10 +
 []


Overfull \hbox (56.69458pt too wide) in paragraph at lines 69--72
\OT1/cmr/m/n/10 4\OML/cmm/m/it/10 ^^Z[]^^\[][][][]f[] \OT1/cmr/m/n/10 +
 []


Overfull \hbox (42.9133pt too wide) in paragraph at lines 69--72
\OT1/cmr/m/n/10 8\OML/cmm/m/it/10 ^^Z^^Z[][]f[]$ 
 []

! Undefined control sequence.
l.73 \section
             {Sphroidal Expansions}
The control sequence at the end of the top line
of your error message was never \def'ed. If you have
misspelled it (e.g., `\hobx'), type `I' and the correct
spelling (e.g., `I\hbox'). Otherwise just continue,
and I'll forget about whatever was undefined.

Missing character: There is no S in font nullfont!
Missing character: There is no p in font nullfont!
Missing character: There is no h in font nullfont!
Missing character: There is no r in font nullfont!
Missing character: There is no o in font nullfont!
Missing character: There is no i in font nullfont!
Missing character: There is no d in font nullfont!
Missing character: There is no a in font nullfont!
Missing character: There is no l in font nullfont!
Missing character: There is no E in font nullfont!
Missing character: There is no x in font nullfont!
Missing character: There is no p in font nullfont!
Missing character: There is no a in font nullfont!
Missing character: There is no n in font nullfont!
Missing character: There is no s in font nullfont!
Missing character: There is no i in font nullfont!
Missing character: There is no o in font nullfont!
Missing character: There is no n in font nullfont!
Missing character: There is no s in font nullfont!

Overfull \hbox (20.0pt too wide) in paragraph at lines 73--74
[]
 []


Overfull \hbox (20.0pt too wide) in paragraph at lines 75--75
[] 
 []

! Undefined control sequence.
l.76 \psi^{1 \circ}_4 = \sum_{\ell \emm
                                       } \int \intd{\omega} \psi^{1 \circ}_{...
The control sequence at the end of the top line
of your error message was never \def'ed. If you have
misspelled it (e.g., `\hobx'), type `I' and the correct
spelling (e.g., `I\hbox'). Otherwise just continue,
and I'll forget about whatever was undefined.

! Undefined control sequence.
l.76 ...^{1 \circ}_4 = \sum_{\ell \emm} \int \intd
                                                  {\omega} \psi^{1 \circ}_{4...
The control sequence at the end of the top line
of your error message was never \def'ed. If you have
misspelled it (e.g., `\hobx'), type `I' and the correct
spelling (e.g., `I\hbox'). Otherwise just continue,
and I'll forget about whatever was undefined.

! Undefined control sequence.
l.76 ...\intd{\omega} \psi^{1 \circ}_{4, \ell \emm
                                                  }(\omega) \sws{-2}{S_{\ell...
The control sequence at the end of the top line
of your error message was never \def'ed. If you have
misspelled it (e.g., `\hobx'), type `I' and the correct
spelling (e.g., `I\hbox'). Otherwise just continue,
and I'll forget about whatever was undefined.

! Undefined control sequence.
l.76 ...\psi^{1 \circ}_{4, \ell \emm}(\omega) \sws
                                                  {-2}{S_{\ell \emm}} (\thet...
The control sequence at the end of the top line
of your error message was never \def'ed. If you have
misspelled it (e.g., `\hobx'), type `I' and the correct
spelling (e.g., `I\hbox'). Otherwise just continue,
and I'll forget about whatever was undefined.

! Undefined control sequence.
l.76 ..., \ell \emm}(\omega) \sws{-2}{S_{\ell \emm
                                                  }} (\theta, \varphi_\star ...
The control sequence at the end of the top line
of your error message was never \def'ed. If you have
misspelled it (e.g., `\hobx'), type `I' and the correct
spelling (e.g., `I\hbox'). Otherwise just continue,
and I'll forget about whatever was undefined.


Overfull \hbox (185.89027pt too wide) detected at line 77
\OML/cmm/m/it/10  [] \OT1/cmr/m/n/10 = [] [] \OML/cmm/m/it/10 ! []\OT1/cmr/m/n/
10 (\OML/cmm/m/it/10 !\OT1/cmr/m/n/10 )[][](\OML/cmm/m/it/10 ^^R; '[]\OT1/cmr/m
/n/10 ; \OML/cmm/m/it/10 a!\OT1/cmr/m/n/10 )\OML/cmm/m/it/10 e[]
 []


Overfull \hbox (20.0pt too wide) in paragraph at lines 79--79
[] 
 []

! Undefined control sequence.
l.80 \psi^{5 \circ}_0 = \sum_{\ell \emm
                                       } \int \intd{\omega} \psi^{5 \circ}_{...
The control sequence at the end of the top line
of your error message was never \def'ed. If you have
misspelled it (e.g., `\hobx'), type `I' and the correct
spelling (e.g., `I\hbox'). Otherwise just continue,
and I'll forget about whatever was undefined.

! Undefined control sequence.
l.80 ...^{5 \circ}_0 = \sum_{\ell \emm} \int \intd
                                                  {\omega} \psi^{5 \circ}_{0...
The control sequence at the end of the top line
of your error message was never \def'ed. If you have
misspelled it (e.g., `\hobx'), type `I' and the correct
spelling (e.g., `I\hbox'). Otherwise just continue,
and I'll forget about whatever was undefined.

! Undefined control sequence.
l.80 ...\intd{\omega} \psi^{5 \circ}_{0, \ell \emm
                                                  }(\omega) \sws{+2}{S_{\ell...
The control sequence at the end of the top line
of your error message was never \def'ed. If you have
misspelled it (e.g., `\hobx'), type `I' and the correct
spelling (e.g., `I\hbox'). Otherwise just continue,
and I'll forget about whatever was undefined.

! Undefined control sequence.
l.80 ...\psi^{5 \circ}_{0, \ell \emm}(\omega) \sws
                                                  {+2}{S_{\ell \emm}} (\thet...
The control sequence at the end of the top line
of your error message was never \def'ed. If you have
misspelled it (e.g., `\hobx'), type `I' and the correct
spelling (e.g., `I\hbox'). Otherwise just continue,
and I'll forget about whatever was undefined.

! Undefined control sequence.
l.80 ..., \ell \emm}(\omega) \sws{+2}{S_{\ell \emm
                                                  }} (\theta, \varphi_\star ...
The control sequence at the end of the top line
of your error message was never \def'ed. If you have
misspelled it (e.g., `\hobx'), type `I' and the correct
spelling (e.g., `I\hbox'). Otherwise just continue,
and I'll forget about whatever was undefined.


Overfull \hbox (185.89027pt too wide) detected at line 81
\OML/cmm/m/it/10  [] \OT1/cmr/m/n/10 = [] [] \OML/cmm/m/it/10 ! []\OT1/cmr/m/n/
10 (\OML/cmm/m/it/10 !\OT1/cmr/m/n/10 )[][](\OML/cmm/m/it/10 ^^R; '[]\OT1/cmr/m
/n/10 ; \OML/cmm/m/it/10 a!\OT1/cmr/m/n/10 )\OML/cmm/m/it/10 e[]
 []


! LaTeX Error: Environment multline undefined.

See the LaTeX manual or LaTeX Companion for explanation.
Type  H <return>  for immediate help.
 ...                                              
                                                  
l.83 \begin{multline}
                     
Your command was ignored.
Type  I <command> <return>  to replace it with another command,
or  <return>  to continue without it.

! Missing $ inserted.
<inserted text> 
                $
l.84 \psi
         ^{1 \circ}_{4, \ell \emm}(\omega) = \frac{\omega^4}{\sws{-2}{B_{\el...
I've inserted a begin-math/end-math symbol since I think
you left one out. Proceed, with fingers crossed.

! Undefined control sequence.
l.84 \psi^{1 \circ}_{4, \ell \emm
                                 }(\omega) = \frac{\omega^4}{\sws{-2}{B_{\el...
The control sequence at the end of the top line
of your error message was never \def'ed. If you have
misspelled it (e.g., `\hobx'), type `I' and the correct
spelling (e.g., `I\hbox'). Otherwise just continue,
and I'll forget about whatever was undefined.

! Undefined control sequence.
<argument> \sws 
                {-2}{B_{\ell \emm }}(a \omega ) \sws {-2}{\bar {B}_{\ell -\e...
l.84 ...{\ell -\emm}}(-a \omega) + 9 M^2 \omega^2}
                                                  \\
The control sequence at the end of the top line
of your error message was never \def'ed. If you have
misspelled it (e.g., `\hobx'), type `I' and the correct
spelling (e.g., `I\hbox'). Otherwise just continue,
and I'll forget about whatever was undefined.

! Undefined control sequence.
<argument> \sws {-2}{B_{\ell \emm 
                                  }}(a \omega ) \sws {-2}{\bar {B}_{\ell -\e...
l.84 ...{\ell -\emm}}(-a \omega) + 9 M^2 \omega^2}
                                                  \\
The control sequence at the end of the top line
of your error message was never \def'ed. If you have
misspelled it (e.g., `\hobx'), type `I' and the correct
spelling (e.g., `I\hbox'). Otherwise just continue,
and I'll forget about whatever was undefined.

! Undefined control sequence.
<argument> ...-2}{B_{\ell \emm }}(a \omega ) \sws 
                                                  {-2}{\bar {B}_{\ell -\emm ...
l.84 ...{\ell -\emm}}(-a \omega) + 9 M^2 \omega^2}
                                                  \\
The control sequence at the end of the top line
of your error message was never \def'ed. If you have
misspelled it (e.g., `\hobx'), type `I' and the correct
spelling (e.g., `I\hbox'). Otherwise just continue,
and I'll forget about whatever was undefined.

! Undefined control sequence.
<argument> ...ga ) \sws {-2}{\bar {B}_{\ell -\emm 
                                                  }}(-a \omega ) + 9 M^2 \om...
l.84 ...{\ell -\emm}}(-a \omega) + 9 M^2 \omega^2}
                                                  \\
The control sequence at the end of the top line
of your error message was never \def'ed. If you have
misspelled it (e.g., `\hobx'), type `I' and the correct
spelling (e.g., `I\hbox'). Otherwise just continue,
and I'll forget about whatever was undefined.

! Undefined control sequence.
l.85 \left[ \sws
                {-2}{\bar{B}_{\ell -\emm}}(-a \omega) \psi^{5 \circ}_{0, \el...
The control sequence at the end of the top line
of your error message was never \def'ed. If you have
misspelled it (e.g., `\hobx'), type `I' and the correct
spelling (e.g., `I\hbox'). Otherwise just continue,
and I'll forget about whatever was undefined.

! Undefined control sequence.
l.85 \left[ \sws{-2}{\bar{B}_{\ell -\emm
                                        }}(-a \omega) \psi^{5 \circ}_{0, \el...
The control sequence at the end of the top line
of your error message was never \def'ed. If you have
misspelled it (e.g., `\hobx'), type `I' and the correct
spelling (e.g., `I\hbox'). Otherwise just continue,
and I'll forget about whatever was undefined.

! Undefined control sequence.
l.85 ...}}(-a \omega) \psi^{5 \circ}_{0, \ell \emm
                                                  }(\omega) + 3 i \omega (-1...
The control sequence at the end of the top line
of your error message was never \def'ed. If you have
misspelled it (e.g., `\hobx'), type `I' and the correct
spelling (e.g., `I\hbox'). Otherwise just continue,
and I'll forget about whatever was undefined.

! Undefined control sequence.
l.85 ... \ell \emm}(\omega) + 3 i \omega (-1)^\emm
                                                   \bar{\psi}^{5 \circ}_{0, ...
The control sequence at the end of the top line
of your error message was never \def'ed. If you have
misspelled it (e.g., `\hobx'), type `I' and the correct
spelling (e.g., `I\hbox'). Otherwise just continue,
and I'll forget about whatever was undefined.

! Missing { inserted.
<to be read again> 
                   \mathaccent 
l.85 ... \emm}(\omega) + 3 i \omega (-1)^\emm \bar
                                                  {\psi}^{5 \circ}_{0, \ell ...
A left brace was mandatory here, so I've put one in.
You might want to delete and/or insert some corrections
so that I will find a matching right brace soon.
(If you're confused by all this, try typing `I}' now.)

! Undefined control sequence.
l.85 ...)^\emm \bar{\psi}^{5 \circ}_{0, \ell -\emm
                                                  }(-\omega) \right]
The control sequence at the end of the top line
of your error message was never \def'ed. If you have
misspelled it (e.g., `\hobx'), type `I' and the correct
spelling (e.g., `I\hbox'). Otherwise just continue,
and I'll forget about whatever was undefined.

! Missing } inserted.
<inserted text> 
                }
l.85 ...^{5 \circ}_{0, \ell -\emm}(-\omega) \right
                                                  ]
I've inserted something that you may have forgotten.
(See the <inserted text> above.)
With luck, this will get me unwedged. But if you
really didn't forget anything, try typing `2' now; then
my insertion and my current dilemma will both disappear.


! LaTeX Error: \begin{document} ended by \end{multline}.

See the LaTeX manual or LaTeX Companion for explanation.
Type  H <return>  for immediate help.
 ...                                              
                                                  
l.86 \end{multline}
                   
Your command was ignored.
Type  I <command> <return>  to replace it with another command,
or  <return>  to continue without it.

! Missing $ inserted.
<inserted text> 
                $
l.86 \end{multline}
                   
I've inserted something that you may have forgotten.
(See the <inserted text> above.)
With luck, this will get me unwedged. But if you
really didn't forget anything, try typing `2' now; then
my insertion and my current dilemma will both disappear.


Overfull \hbox (61.63893pt too wide) in paragraph at lines 84--87
[]$\OML/cmm/m/it/10  []\OT1/cmr/m/n/10 (\OML/cmm/m/it/10 !\OT1/cmr/m/n/10 ) =
 []


Overfull \hbox (116.94498pt too wide) in paragraph at lines 84--87
[][] 
 []


Overfull \hbox (184.39713pt too wide) in paragraph at lines 84--87
[]$ 
 []


! LaTeX Error: Environment multline undefined.

See the LaTeX manual or LaTeX Companion for explanation.
Type  H <return>  for immediate help.
 ...                                              
                                                  
l.88 \begin{multline}
                     
Your command was ignored.
Type  I <command> <return>  to replace it with another command,
or  <return>  to continue without it.

! Missing $ inserted.
<inserted text> 
                $
l.89 \bar
         {h}^{1 \circ}_{m m} = \sum_{\ell \emm} \int \intd{\omega} \frac{-2 ...
I've inserted a begin-math/end-math symbol since I think
you left one out. Proceed, with fingers crossed.

! Undefined control sequence.
l.89 \bar{h}^{1 \circ}_{m m} = \sum_{\ell \emm
                                              } \int \intd{\omega} \frac{-2 ...
The control sequence at the end of the top line
of your error message was never \def'ed. If you have
misspelled it (e.g., `\hobx'), type `I' and the correct
spelling (e.g., `I\hbox'). Otherwise just continue,
and I'll forget about whatever was undefined.

! Undefined control sequence.
l.89 ...\circ}_{m m} = \sum_{\ell \emm} \int \intd
                                                  {\omega} \frac{-2 \omega^2...
The control sequence at the end of the top line
of your error message was never \def'ed. If you have
misspelled it (e.g., `\hobx'), type `I' and the correct
spelling (e.g., `I\hbox'). Otherwise just continue,
and I'll forget about whatever was undefined.

! Undefined control sequence.
<argument> \sws 
                {-2}{B_{\ell \emm }}(a \omega ) \sws {-2}{\bar {B}_{\ell -\e...
l.89 ...{\ell -\emm}}(-a \omega) + 9 M^2 \omega^2}
                                                   \times\\
The control sequence at the end of the top line
of your error message was never \def'ed. If you have
misspelled it (e.g., `\hobx'), type `I' and the correct
spelling (e.g., `I\hbox'). Otherwise just continue,
and I'll forget about whatever was undefined.

! Undefined control sequence.
<argument> \sws {-2}{B_{\ell \emm 
                                  }}(a \omega ) \sws {-2}{\bar {B}_{\ell -\e...
l.89 ...{\ell -\emm}}(-a \omega) + 9 M^2 \omega^2}
                                                   \times\\
The control sequence at the end of the top line
of your error message was never \def'ed. If you have
misspelled it (e.g., `\hobx'), type `I' and the correct
spelling (e.g., `I\hbox'). Otherwise just continue,
and I'll forget about whatever was undefined.

! Undefined control sequence.
<argument> ...-2}{B_{\ell \emm }}(a \omega ) \sws 
                                                  {-2}{\bar {B}_{\ell -\emm ...
l.89 ...{\ell -\emm}}(-a \omega) + 9 M^2 \omega^2}
                                                   \times\\
The control sequence at the end of the top line
of your error message was never \def'ed. If you have
misspelled it (e.g., `\hobx'), type `I' and the correct
spelling (e.g., `I\hbox'). Otherwise just continue,
and I'll forget about whatever was undefined.

! Undefined control sequence.
<argument> ...ga ) \sws {-2}{\bar {B}_{\ell -\emm 
                                                  }}(-a \omega ) + 9 M^2 \om...
l.89 ...{\ell -\emm}}(-a \omega) + 9 M^2 \omega^2}
                                                   \times\\
The control sequence at the end of the top line
of your error message was never \def'ed. If you have
misspelled it (e.g., `\hobx'), type `I' and the correct
spelling (e.g., `I\hbox'). Otherwise just continue,
and I'll forget about whatever was undefined.

! Undefined control sequence.
l.90 \left[ \sws
                {-2}{\bar{B}_{\ell -\emm}}(-a \omega) \psi^{5 \circ}_{0, \el...
The control sequence at the end of the top line
of your error message was never \def'ed. If you have
misspelled it (e.g., `\hobx'), type `I' and the correct
spelling (e.g., `I\hbox'). Otherwise just continue,
and I'll forget about whatever was undefined.

! Undefined control sequence.
l.90 \left[ \sws{-2}{\bar{B}_{\ell -\emm
                                        }}(-a \omega) \psi^{5 \circ}_{0, \el...
The control sequence at the end of the top line
of your error message was never \def'ed. If you have
misspelled it (e.g., `\hobx'), type `I' and the correct
spelling (e.g., `I\hbox'). Otherwise just continue,
and I'll forget about whatever was undefined.

! Undefined control sequence.
l.90 ...}}(-a \omega) \psi^{5 \circ}_{0, \ell \emm
                                                  }(\omega) + 3 i \omega (-1...
The control sequence at the end of the top line
of your error message was never \def'ed. If you have
misspelled it (e.g., `\hobx'), type `I' and the correct
spelling (e.g., `I\hbox'). Otherwise just continue,
and I'll forget about whatever was undefined.

! Undefined control sequence.
l.90 ... \ell \emm}(\omega) + 3 i \omega (-1)^\emm
                                                   \bar{\psi}^{5 \circ}_{0, ...
The control sequence at the end of the top line
of your error message was never \def'ed. If you have
misspelled it (e.g., `\hobx'), type `I' and the correct
spelling (e.g., `I\hbox'). Otherwise just continue,
and I'll forget about whatever was undefined.

! Missing { inserted.
<to be read again> 
                   \mathaccent 
l.90 ... \emm}(\omega) + 3 i \omega (-1)^\emm \bar
                                                  {\psi}^{5 \circ}_{0, \ell ...
A left brace was mandatory here, so I've put one in.
You might want to delete and/or insert some corrections
so that I will find a matching right brace soon.
(If you're confused by all this, try typing `I}' now.)

! Undefined control sequence.
l.90 ...)^\emm \bar{\psi}^{5 \circ}_{0, \ell -\emm
                                                  }(-\omega) \right] \sws{+2...
The control sequence at the end of the top line
of your error message was never \def'ed. If you have
misspelled it (e.g., `\hobx'), type `I' and the correct
spelling (e.g., `I\hbox'). Otherwise just continue,
and I'll forget about whatever was undefined.

! Missing } inserted.
<inserted text> 
                }
l.90 ...^{5 \circ}_{0, \ell -\emm}(-\omega) \right
                                                  ] \sws{+2}{S_{\ell \emm}} ...
I've inserted something that you may have forgotten.
(See the <inserted text> above.)
With luck, this will get me unwedged. But if you
really didn't forget anything, try typing `2' now; then
my insertion and my current dilemma will both disappear.

! Undefined control sequence.
l.90 ...irc}_{0, \ell -\emm}(-\omega) \right] \sws
                                                  {+2}{S_{\ell \emm}} (\thet...
The control sequence at the end of the top line
of your error message was never \def'ed. If you have
misspelled it (e.g., `\hobx'), type `I' and the correct
spelling (e.g., `I\hbox'). Otherwise just continue,
and I'll forget about whatever was undefined.

! Undefined control sequence.
l.90 ...mm}(-\omega) \right] \sws{+2}{S_{\ell \emm
                                                  }} (\theta, \varphi_\star ...
The control sequence at the end of the top line
of your error message was never \def'ed. If you have
misspelled it (e.g., `\hobx'), type `I' and the correct
spelling (e.g., `I\hbox'). Otherwise just continue,
and I'll forget about whatever was undefined.


! LaTeX Error: \begin{document} ended by \end{multline}.

See the LaTeX manual or LaTeX Companion for explanation.
Type  H <return>  for immediate help.
 ...                                              
                                                  
l.91 \end{multline}
                   
Your command was ignored.
Type  I <command> <return>  to replace it with another command,
or  <return>  to continue without it.

! Missing $ inserted.
<inserted text> 
                $
l.91 \end{multline}
                   
I've inserted something that you may have forgotten.
(See the <inserted text> above.)
With luck, this will get me unwedged. But if you
really didn't forget anything, try typing `2' now; then
my insertion and my current dilemma will both disappear.


Overfull \hbox (51.00932pt too wide) in paragraph at lines 89--92
[]$[] \OT1/cmr/m/n/10 =
 []


Overfull \hbox (155.70886pt too wide) in paragraph at lines 89--92
[][] [] \OML/cmm/m/it/10 ![] \OMS/cmsy/m/n/10 ^^B
 []


Overfull \hbox (277.72028pt too wide) in paragraph at lines 89--92
[] [][]\OT1/cmr/m/n/10 (\OML/cmm/m/it/10 ^^R; '[]\OT1/cmr/m/n/10 ; \OML/cmm/m/i
t/10 a!\OT1/cmr/m/n/10 )\OML/cmm/m/it/10 e[]$ 
 []


Overfull \hbox (20.0pt too wide) in paragraph at lines 93--93
[] 
 []

! Undefined control sequence.
l.94 f^\circ = \sum_{\ell \emm
                              } \int \intd{\omega} \frac{2 i \omega^3}{\sws{...
The control sequence at the end of the top line
of your error message was never \def'ed. If you have
misspelled it (e.g., `\hobx'), type `I' and the correct
spelling (e.g., `I\hbox'). Otherwise just continue,
and I'll forget about whatever was undefined.

! Undefined control sequence.
l.94 f^\circ = \sum_{\ell \emm} \int \intd
                                          {\omega} \frac{2 i \omega^3}{\sws{...
The control sequence at the end of the top line
of your error message was never \def'ed. If you have
misspelled it (e.g., `\hobx'), type `I' and the correct
spelling (e.g., `I\hbox'). Otherwise just continue,
and I'll forget about whatever was undefined.

! Undefined control sequence.
<argument> \sws 
                {-2}{B_{\ell \emm }}(a \omega ) \sws {-2}{\bar {B}_{\ell -\e...
l.94 ...{\ell -\emm}}(-a \omega) + 9 M^2 \omega^2}
                                                   \psi^{5 \circ}_{0, \ell \...
The control sequence at the end of the top line
of your error message was never \def'ed. If you have
misspelled it (e.g., `\hobx'), type `I' and the correct
spelling (e.g., `I\hbox'). Otherwise just continue,
and I'll forget about whatever was undefined.

! Undefined control sequence.
<argument> \sws {-2}{B_{\ell \emm 
                                  }}(a \omega ) \sws {-2}{\bar {B}_{\ell -\e...
l.94 ...{\ell -\emm}}(-a \omega) + 9 M^2 \omega^2}
                                                   \psi^{5 \circ}_{0, \ell \...
The control sequence at the end of the top line
of your error message was never \def'ed. If you have
misspelled it (e.g., `\hobx'), type `I' and the correct
spelling (e.g., `I\hbox'). Otherwise just continue,
and I'll forget about whatever was undefined.

! Undefined control sequence.
<argument> ...-2}{B_{\ell \emm }}(a \omega ) \sws 
                                                  {-2}{\bar {B}_{\ell -\emm ...
l.94 ...{\ell -\emm}}(-a \omega) + 9 M^2 \omega^2}
                                                   \psi^{5 \circ}_{0, \ell \...
The control sequence at the end of the top line
of your error message was never \def'ed. If you have
misspelled it (e.g., `\hobx'), type `I' and the correct
spelling (e.g., `I\hbox'). Otherwise just continue,
and I'll forget about whatever was undefined.

! Undefined control sequence.
<argument> ...ga ) \sws {-2}{\bar {B}_{\ell -\emm 
                                                  }}(-a \omega ) + 9 M^2 \om...
l.94 ...{\ell -\emm}}(-a \omega) + 9 M^2 \omega^2}
                                                   \psi^{5 \circ}_{0, \ell \...
The control sequence at the end of the top line
of your error message was never \def'ed. If you have
misspelled it (e.g., `\hobx'), type `I' and the correct
spelling (e.g., `I\hbox'). Otherwise just continue,
and I'll forget about whatever was undefined.

! Undefined control sequence.
l.94 ...M^2 \omega^2} \psi^{5 \circ}_{0, \ell \emm
                                                  }(\omega) \sws{+2}{S_{\ell...
The control sequence at the end of the top line
of your error message was never \def'ed. If you have
misspelled it (e.g., `\hobx'), type `I' and the correct
spelling (e.g., `I\hbox'). Otherwise just continue,
and I'll forget about whatever was undefined.

! Undefined control sequence.
l.94 ...\psi^{5 \circ}_{0, \ell \emm}(\omega) \sws
                                                  {+2}{S_{\ell \emm}} (\thet...
The control sequence at the end of the top line
of your error message was never \def'ed. If you have
misspelled it (e.g., `\hobx'), type `I' and the correct
spelling (e.g., `I\hbox'). Otherwise just continue,
and I'll forget about whatever was undefined.

! Undefined control sequence.
l.94 ..., \ell \emm}(\omega) \sws{+2}{S_{\ell \emm
                                                  }} (\theta, \varphi_\star ...
The control sequence at the end of the top line
of your error message was never \def'ed. If you have
misspelled it (e.g., `\hobx'), type `I' and the correct
spelling (e.g., `I\hbox'). Otherwise just continue,
and I'll forget about whatever was undefined.


Overfull \hbox (328.71523pt too wide) detected at line 95
\OML/cmm/m/it/10 f[] \OT1/cmr/m/n/10 = [] [] \OML/cmm/m/it/10 ![] []\OT1/cmr/m/
n/10 (\OML/cmm/m/it/10 !\OT1/cmr/m/n/10 )[][](\OML/cmm/m/it/10 ^^R; '[]\OT1/cmr
/m/n/10 ; \OML/cmm/m/it/10 a!\OT1/cmr/m/n/10 )\OML/cmm/m/it/10 e[]
 []


Overfull \hbox (20.0pt too wide) in paragraph at lines 97--97
[] 
 []

! Undefined control sequence.
l.98 e^\circ = \sum_{\ell \emm
                              } \int \intd{\omega} \frac{-4 \omega^4 (-1)^\e...
The control sequence at the end of the top line
of your error message was never \def'ed. If you have
misspelled it (e.g., `\hobx'), type `I' and the correct
spelling (e.g., `I\hbox'). Otherwise just continue,
and I'll forget about whatever was undefined.

! Undefined control sequence.
l.98 e^\circ = \sum_{\ell \emm} \int \intd
                                          {\omega} \frac{-4 \omega^4 (-1)^\e...
The control sequence at the end of the top line
of your error message was never \def'ed. If you have
misspelled it (e.g., `\hobx'), type `I' and the correct
spelling (e.g., `I\hbox'). Otherwise just continue,
and I'll forget about whatever was undefined.

! Undefined control sequence.
<argument> -4 \omega ^4 (-1)^\emm 
                                  
l.98 ...{\ell -\emm}}(-a \omega) + 9 M^2 \omega^2}
                                                   \bar{\psi}^{5 \circ}_{0, ...
The control sequence at the end of the top line
of your error message was never \def'ed. If you have
misspelled it (e.g., `\hobx'), type `I' and the correct
spelling (e.g., `I\hbox'). Otherwise just continue,
and I'll forget about whatever was undefined.

! Missing { inserted.
<to be read again> 
                   \endgroup 
l.98 ...{\ell -\emm}}(-a \omega) + 9 M^2 \omega^2}
                                                   \bar{\psi}^{5 \circ}_{0, ...
A left brace was mandatory here, so I've put one in.
You might want to delete and/or insert some corrections
so that I will find a matching right brace soon.
(If you're confused by all this, try typing `I}' now.)

! Missing } inserted.
<inserted text> 
                }
l.98 ...{\ell -\emm}}(-a \omega) + 9 M^2 \omega^2}
                                                   \bar{\psi}^{5 \circ}_{0, ...
I've inserted something that you may have forgotten.
(See the <inserted text> above.)
With luck, this will get me unwedged. But if you
really didn't forget anything, try typing `2' now; then
my insertion and my current dilemma will both disappear.

! Undefined control sequence.
<argument> \sws 
                {-2}{B_{\ell \emm }}(a \omega ) \sws {-2}{\bar {B}_{\ell -\e...
l.98 ...{\ell -\emm}}(-a \omega) + 9 M^2 \omega^2}
                                                   \bar{\psi}^{5 \circ}_{0, ...
The control sequence at the end of the top line
of your error message was never \def'ed. If you have
misspelled it (e.g., `\hobx'), type `I' and the correct
spelling (e.g., `I\hbox'). Otherwise just continue,
and I'll forget about whatever was undefined.

! Undefined control sequence.
<argument> \sws {-2}{B_{\ell \emm 
                                  }}(a \omega ) \sws {-2}{\bar {B}_{\ell -\e...
l.98 ...{\ell -\emm}}(-a \omega) + 9 M^2 \omega^2}
                                                   \bar{\psi}^{5 \circ}_{0, ...
The control sequence at the end of the top line
of your error message was never \def'ed. If you have
misspelled it (e.g., `\hobx'), type `I' and the correct
spelling (e.g., `I\hbox'). Otherwise just continue,
and I'll forget about whatever was undefined.

! Undefined control sequence.
<argument> ...-2}{B_{\ell \emm }}(a \omega ) \sws 
                                                  {-2}{\bar {B}_{\ell -\emm ...
l.98 ...{\ell -\emm}}(-a \omega) + 9 M^2 \omega^2}
                                                   \bar{\psi}^{5 \circ}_{0, ...
The control sequence at the end of the top line
of your error message was never \def'ed. If you have
misspelled it (e.g., `\hobx'), type `I' and the correct
spelling (e.g., `I\hbox'). Otherwise just continue,
and I'll forget about whatever was undefined.

! Undefined control sequence.
<argument> ...ga ) \sws {-2}{\bar {B}_{\ell -\emm 
                                                  }}(-a \omega ) + 9 M^2 \om...
l.98 ...{\ell -\emm}}(-a \omega) + 9 M^2 \omega^2}
                                                   \bar{\psi}^{5 \circ}_{0, ...
The control sequence at the end of the top line
of your error message was never \def'ed. If you have
misspelled it (e.g., `\hobx'), type `I' and the correct
spelling (e.g., `I\hbox'). Otherwise just continue,
and I'll forget about whatever was undefined.

! Undefined control sequence.
l.98 ...ega^2} \bar{\psi}^{5 \circ}_{0, \ell -\emm
                                                  }(-\omega) \sws{-2}{S_{\el...
The control sequence at the end of the top line
of your error message was never \def'ed. If you have
misspelled it (e.g., `\hobx'), type `I' and the correct
spelling (e.g., `I\hbox'). Otherwise just continue,
and I'll forget about whatever was undefined.

! Undefined control sequence.
l.98 ...i}^{5 \circ}_{0, \ell -\emm}(-\omega) \sws
                                                  {-2}{S_{\ell \emm}} (\thet...
The control sequence at the end of the top line
of your error message was never \def'ed. If you have
misspelled it (e.g., `\hobx'), type `I' and the correct
spelling (e.g., `I\hbox'). Otherwise just continue,
and I'll forget about whatever was undefined.

! Undefined control sequence.
l.98 ...\ell -\emm}(-\omega) \sws{-2}{S_{\ell \emm
                                                  }} (\theta, \varphi_\star ...
The control sequence at the end of the top line
of your error message was never \def'ed. If you have
misspelled it (e.g., `\hobx'), type `I' and the correct
spelling (e.g., `I\hbox'). Otherwise just continue,
and I'll forget about whatever was undefined.


Overfull \hbox (341.42705pt too wide) detected at line 99
\OML/cmm/m/it/10 e[] \OT1/cmr/m/n/10 = [] [] \OML/cmm/m/it/10 ![][]\OT1/cmr/m/n
/10 (\OMS/cmsy/m/n/10 ^^@\OML/cmm/m/it/10 !\OT1/cmr/m/n/10 )[][](\OML/cmm/m/it/
10 ^^R; '[]\OT1/cmr/m/n/10 ; \OML/cmm/m/it/10 a!\OT1/cmr/m/n/10 )\OML/cmm/m/it/
10 e[]
 []


! LaTeX Error: The font size command \normalsize is not defined:
               there is probably something wrong with the class file.

See the LaTeX manual or LaTeX Companion for explanation.
Type  H <return>  for immediate help.
 ...                                              
                                                  
l.99 \end{equation}
                   
Your command was ignored.
Type  I <command> <return>  to replace it with another command,
or  <return>  to continue without it.

[1{c:/texlive/2026/texmf-var/fonts/map/pdftex/updmap/pdftex.map}
! Undefined control sequence.
<write> \newlabel{LEEofResField}{{1}{\thepage 
                                              }{}{equation.1}{}}
l.99 \end{equation}
                   
The control sequence at the end of the top line
of your error message was never \def'ed. If you have
misspelled it (e.g., `\hobx'), type `I' and the correct
spelling (e.g., `I\hbox'). Otherwise just continue,
and I'll forget about whatever was undefined.

\newlabel{LEEofResField}{{1}{}{}{equation.1}{}}
]
! Undefined control sequence.
l.101 \section
              {Schwarzschild Case}
The control sequence at the end of the top line
of your error message was never \def'ed. If you have
misspelled it (e.g., `\hobx'), type `I' and the correct
spelling (e.g., `I\hbox'). Otherwise just continue,
and I'll forget about whatever was undefined.

Missing character: There is no S in font nullfont!
Missing character: There is no c in font nullfont!
Missing character: There is no h in font nullfont!
Missing character: There is no w in font nullfont!
Missing character: There is no a in font nullfont!
Missing character: There is no r in font nullfont!
Missing character: There is no z in font nullfont!
Missing character: There is no s in font nullfont!
Missing character: There is no c in font nullfont!
Missing character: There is no h in font nullfont!
Missing character: There is no i in font nullfont!
Missing character: There is no l in font nullfont!
Missing character: There is no d in font nullfont!
Missing character: There is no C in font nullfont!
Missing character: There is no a in font nullfont!
Missing character: There is no s in font nullfont!
Missing character: There is no e in font nullfont!

Overfull \hbox (20.0pt too wide) in paragraph at lines 101--102
[]
 []


Overfull \hbox (20.0pt too wide) in paragraph at lines 103--103
[] 
 []

! Undefined control sequence.
l.104 \sws
          {-2}{B_{\ell -\emm}}(a \omega) = \sws{2}{B_\ell} = \frac{1}{4} \fr...
The control sequence at the end of the top line
of your error message was never \def'ed. If you have
misspelled it (e.g., `\hobx'), type `I' and the correct
spelling (e.g., `I\hbox'). Otherwise just continue,
and I'll forget about whatever was undefined.

! Undefined control sequence.
l.104 \sws{-2}{B_{\ell -\emm
                            }}(a \omega) = \sws{2}{B_\ell} = \frac{1}{4} \fr...
The control sequence at the end of the top line
of your error message was never \def'ed. If you have
misspelled it (e.g., `\hobx'), type `I' and the correct
spelling (e.g., `I\hbox'). Otherwise just continue,
and I'll forget about whatever was undefined.

! Undefined control sequence.
l.104 \sws{-2}{B_{\ell -\emm}}(a \omega) = \sws
                                               {2}{B_\ell} = \frac{1}{4} \fr...
The control sequence at the end of the top line
of your error message was never \def'ed. If you have
misspelled it (e.g., `\hobx'), type `I' and the correct
spelling (e.g., `I\hbox'). Otherwise just continue,
and I'll forget about whatever was undefined.


Overfull \hbox (234.01724pt too wide) detected at line 105
[][]\OT1/cmr/m/n/10 (\OML/cmm/m/it/10 a!\OT1/cmr/m/n/10 ) = 2[] = [][] = [](\OM
L/cmm/m/it/10 ` \OT1/cmr/m/n/10 + 2)(\OML/cmm/m/it/10 ` \OT1/cmr/m/n/10 + 1)\OM
L/cmm/m/it/10 `\OT1/cmr/m/n/10 (\OML/cmm/m/it/10 ` \OMS/cmsy/m/n/10 ^^@ \OT1/cm
r/m/n/10 1)
 []


Overfull \hbox (20.0pt too wide) in paragraph at lines 107--107
[] 
 []

! Undefined control sequence.
l.108 \sws
          {-1}{B_{\ell -\emm}}(a \omega) = \sws{1}{B_\ell} = \frac{1}{2} \fr...
The control sequence at the end of the top line
of your error message was never \def'ed. If you have
misspelled it (e.g., `\hobx'), type `I' and the correct
spelling (e.g., `I\hbox'). Otherwise just continue,
and I'll forget about whatever was undefined.

! Undefined control sequence.
l.108 \sws{-1}{B_{\ell -\emm
                            }}(a \omega) = \sws{1}{B_\ell} = \frac{1}{2} \fr...
The control sequence at the end of the top line
of your error message was never \def'ed. If you have
misspelled it (e.g., `\hobx'), type `I' and the correct
spelling (e.g., `I\hbox'). Otherwise just continue,
and I'll forget about whatever was undefined.

! Undefined control sequence.
l.108 \sws{-1}{B_{\ell -\emm}}(a \omega) = \sws
                                               {1}{B_\ell} = \frac{1}{2} \fr...
The control sequence at the end of the top line
of your error message was never \def'ed. If you have
misspelled it (e.g., `\hobx'), type `I' and the correct
spelling (e.g., `I\hbox'). Otherwise just continue,
and I'll forget about whatever was undefined.


Overfull \hbox (184.57263pt too wide) detected at line 109
[][]\OT1/cmr/m/n/10 (\OML/cmm/m/it/10 a!\OT1/cmr/m/n/10 ) = 1[] = [][] = []\OML
/cmm/m/it/10 `\OT1/cmr/m/n/10 (\OML/cmm/m/it/10 ` \OT1/cmr/m/n/10 + 1)
 []


Overfull \hbox (20.0pt too wide) in paragraph at lines 111--111
[] 
 []

! Undefined control sequence.
l.112 \Phi^{0 \circ} = d^\circ = \sum_{\ell \emm
                                                } \int \intd{\omega} \frac{ ...
The control sequence at the end of the top line
of your error message was never \def'ed. If you have
misspelled it (e.g., `\hobx'), type `I' and the correct
spelling (e.g., `I\hbox'). Otherwise just continue,
and I'll forget about whatever was undefined.

! Undefined control sequence.
l.112 ...} = d^\circ = \sum_{\ell \emm} \int \intd
                                                  {\omega} \frac{ - \sfrac{2...
The control sequence at the end of the top line
of your error message was never \def'ed. If you have
misspelled it (e.g., `\hobx'), type `I' and the correct
spelling (e.g., `I\hbox'). Otherwise just continue,
and I'll forget about whatever was undefined.

! Undefined control sequence.
<argument>  - \sfrac 
                     {2}{3} i \omega (-1)^\emm 
l.112 ...\emm}{\sws{2}{B^2_\ell} + 9 M^2 \omega^2}
                                                   \left[ \sws{2}{B_\ell} \s...
The control sequence at the end of the top line
of your error message was never \def'ed. If you have
misspelled it (e.g., `\hobx'), type `I' and the correct
spelling (e.g., `I\hbox'). Otherwise just continue,
and I'll forget about whatever was undefined.

! Undefined control sequence.
<argument>  - \sfrac {2}{3} i \omega (-1)^\emm 
                                               
l.112 ...\emm}{\sws{2}{B^2_\ell} + 9 M^2 \omega^2}
                                                   \left[ \sws{2}{B_\ell} \s...
The control sequence at the end of the top line
of your error message was never \def'ed. If you have
misspelled it (e.g., `\hobx'), type `I' and the correct
spelling (e.g., `I\hbox'). Otherwise just continue,
and I'll forget about whatever was undefined.

! Missing { inserted.
<to be read again> 
                   \endgroup 
l.112 ...\emm}{\sws{2}{B^2_\ell} + 9 M^2 \omega^2}
                                                   \left[ \sws{2}{B_\ell} \s...
A left brace was mandatory here, so I've put one in.
You might want to delete and/or insert some corrections
so that I will find a matching right brace soon.
(If you're confused by all this, try typing `I}' now.)

! Missing } inserted.
<inserted text> 
                }
l.112 ...\emm}{\sws{2}{B^2_\ell} + 9 M^2 \omega^2}
                                                   \left[ \sws{2}{B_\ell} \s...
I've inserted something that you may have forgotten.
(See the <inserted text> above.)
With luck, this will get me unwedged. But if you
really didn't forget anything, try typing `2' now; then
my insertion and my current dilemma will both disappear.

! Undefined control sequence.
<argument> \sws 
                {2}{B^2_\ell } + 9 M^2 \omega ^2
l.112 ...\emm}{\sws{2}{B^2_\ell} + 9 M^2 \omega^2}
                                                   \left[ \sws{2}{B_\ell} \s...
The control sequence at the end of the top line
of your error message was never \def'ed. If you have
misspelled it (e.g., `\hobx'), type `I' and the correct
spelling (e.g., `I\hbox'). Otherwise just continue,
and I'll forget about whatever was undefined.

! Undefined control sequence.
l.112 ...}{B^2_\ell} + 9 M^2 \omega^2} \left[ \sws
                                                  {2}{B_\ell} \sws{1}{B_\ell...
The control sequence at the end of the top line
of your error message was never \def'ed. If you have
misspelled it (e.g., `\hobx'), type `I' and the correct
spelling (e.g., `I\hbox'). Otherwise just continue,
and I'll forget about whatever was undefined.

! Undefined control sequence.
l.112 ...M^2 \omega^2} \left[ \sws{2}{B_\ell} \sws
                                                  {1}{B_\ell} - 3iM \omega (...
The control sequence at the end of the top line
of your error message was never \def'ed. If you have
misspelled it (e.g., `\hobx'), type `I' and the correct
spelling (e.g., `I\hbox'). Otherwise just continue,
and I'll forget about whatever was undefined.

! Undefined control sequence.
l.112 ...s{1}{B_\ell} - 3iM \omega (1 + \sqrt{\sws
                                                  {2}{B_{\ell}}}) \right] \b...
The control sequence at the end of the top line
of your error message was never \def'ed. If you have
misspelled it (e.g., `\hobx'), type `I' and the correct
spelling (e.g., `I\hbox'). Otherwise just continue,
and I'll forget about whatever was undefined.

! Undefined control sequence.
l.112 ...ight] \bar{\psi}^{5 \circ}_{0, \ell -\emm
                                                  }(- \omega) \sws{-2}{Y_{\e...
The control sequence at the end of the top line
of your error message was never \def'ed. If you have
misspelled it (e.g., `\hobx'), type `I' and the correct
spelling (e.g., `I\hbox'). Otherwise just continue,
and I'll forget about whatever was undefined.

! Undefined control sequence.
l.112 ...^{5 \circ}_{0, \ell -\emm}(- \omega) \sws
                                                  {-2}{Y_{\ell \emm}} (\thet...
The control sequence at the end of the top line
of your error message was never \def'ed. If you have
misspelled it (e.g., `\hobx'), type `I' and the correct
spelling (e.g., `I\hbox'). Otherwise just continue,
and I'll forget about whatever was undefined.

! Undefined control sequence.
l.112 ...ll -\emm}(- \omega) \sws{-2}{Y_{\ell \emm
                                                  }} (\theta, \varphi_\star)...
The control sequence at the end of the top line
of your error message was never \def'ed. If you have
misspelled it (e.g., `\hobx'), type `I' and the correct
spelling (e.g., `I\hbox'). Otherwise just continue,
and I'll forget about whatever was undefined.


Overfull \hbox (405.42227pt too wide) detected at line 113
\OT1/cmr/m/n/10 ^^H[] = \OML/cmm/m/it/10 d[] \OT1/cmr/m/n/10 = [] [] \OML/cmm/m
/it/10 ![] [] []\OT1/cmr/m/n/10 (\OMS/cmsy/m/n/10 ^^@\OML/cmm/m/it/10 !\OT1/cmr
/m/n/10 )[][](\OML/cmm/m/it/10 ^^R; '[]\OT1/cmr/m/n/10 )\OML/cmm/m/it/10 e[]
 []


Overfull \hbox (20.0pt too wide) in paragraph at lines 115--115
[] 
 []

! Undefined control sequence.
l.116 \Phi^{1 \circ} = \sum_{\ell \emm
                                      } \int \intd{\omega} \frac{ 2 \omega^2...
The control sequence at the end of the top line
of your error message was never \def'ed. If you have
misspelled it (e.g., `\hobx'), type `I' and the correct
spelling (e.g., `I\hbox'). Otherwise just continue,
and I'll forget about whatever was undefined.

! Undefined control sequence.
l.116 \Phi^{1 \circ} = \sum_{\ell \emm} \int \intd
                                                  {\omega} \frac{ 2 \omega^2...
The control sequence at the end of the top line
of your error message was never \def'ed. If you have
misspelled it (e.g., `\hobx'), type `I' and the correct
spelling (e.g., `I\hbox'). Otherwise just continue,
and I'll forget about whatever was undefined.

! Undefined control sequence.
<argument>  2 \omega ^2 (-1)^\emm 
                                  
l.116 ...\emm}{\sws{2}{B^2_\ell} + 9 M^2 \omega^2}
                                                   \left[ \sws{2}{B_\ell} - ...
The control sequence at the end of the top line
of your error message was never \def'ed. If you have
misspelled it (e.g., `\hobx'), type `I' and the correct
spelling (e.g., `I\hbox'). Otherwise just continue,
and I'll forget about whatever was undefined.

! Missing { inserted.
<to be read again> 
                   \endgroup 
l.116 ...\emm}{\sws{2}{B^2_\ell} + 9 M^2 \omega^2}
                                                   \left[ \sws{2}{B_\ell} - ...
A left brace was mandatory here, so I've put one in.
You might want to delete and/or insert some corrections
so that I will find a matching right brace soon.
(If you're confused by all this, try typing `I}' now.)

! Missing } inserted.
<inserted text> 
                }
l.116 ...\emm}{\sws{2}{B^2_\ell} + 9 M^2 \omega^2}
                                                   \left[ \sws{2}{B_\ell} - ...
I've inserted something that you may have forgotten.
(See the <inserted text> above.)
With luck, this will get me unwedged. But if you
really didn't forget anything, try typing `2' now; then
my insertion and my current dilemma will both disappear.

! Undefined control sequence.
<argument> \sws 
                {2}{B^2_\ell } + 9 M^2 \omega ^2
l.116 ...\emm}{\sws{2}{B^2_\ell} + 9 M^2 \omega^2}
                                                   \left[ \sws{2}{B_\ell} - ...
The control sequence at the end of the top line
of your error message was never \def'ed. If you have
misspelled it (e.g., `\hobx'), type `I' and the correct
spelling (e.g., `I\hbox'). Otherwise just continue,
and I'll forget about whatever was undefined.

! Undefined control sequence.
l.116 ...}{B^2_\ell} + 9 M^2 \omega^2} \left[ \sws
                                                  {2}{B_\ell} - 3iM \omega \...
The control sequence at the end of the top line
of your error message was never \def'ed. If you have
misspelled it (e.g., `\hobx'), type `I' and the correct
spelling (e.g., `I\hbox'). Otherwise just continue,
and I'll forget about whatever was undefined.

! Undefined control sequence.
l.116 ...ight] \bar{\psi}^{5 \circ}_{0, \ell -\emm
                                                  }(- \omega) \sws{-2}{Y_{\e...
The control sequence at the end of the top line
of your error message was never \def'ed. If you have
misspelled it (e.g., `\hobx'), type `I' and the correct
spelling (e.g., `I\hbox'). Otherwise just continue,
and I'll forget about whatever was undefined.

! Undefined control sequence.
l.116 ...^{5 \circ}_{0, \ell -\emm}(- \omega) \sws
                                                  {-2}{Y_{\ell \emm}} (\thet...
The control sequence at the end of the top line
of your error message was never \def'ed. If you have
misspelled it (e.g., `\hobx'), type `I' and the correct
spelling (e.g., `I\hbox'). Otherwise just continue,
and I'll forget about whatever was undefined.

! Undefined control sequence.
l.116 ...ll -\emm}(- \omega) \sws{-2}{Y_{\ell \emm
                                                  }} (\theta, \varphi_\star)...
The control sequence at the end of the top line
of your error message was never \def'ed. If you have
misspelled it (e.g., `\hobx'), type `I' and the correct
spelling (e.g., `I\hbox'). Otherwise just continue,
and I'll forget about whatever was undefined.


Overfull \hbox (310.53339pt too wide) detected at line 117
\OT1/cmr/m/n/10 ^^H[] = [] [] \OML/cmm/m/it/10 ![] [] []\OT1/cmr/m/n/10 (\OMS/c
msy/m/n/10 ^^@\OML/cmm/m/it/10 !\OT1/cmr/m/n/10 )[][](\OML/cmm/m/it/10 ^^R; '[]
\OT1/cmr/m/n/10 )\OML/cmm/m/it/10 e[]
 []


Overfull \hbox (20.0pt too wide) in paragraph at lines 119--119
[] 
 []

! Undefined control sequence.
l.120 \Phi^{2 \circ} = \sum_{\ell \emm
                                      } \int \intd{\omega} \frac{ 4 i \omega...
The control sequence at the end of the top line
of your error message was never \def'ed. If you have
misspelled it (e.g., `\hobx'), type `I' and the correct
spelling (e.g., `I\hbox'). Otherwise just continue,
and I'll forget about whatever was undefined.

! Undefined control sequence.
l.120 \Phi^{2 \circ} = \sum_{\ell \emm} \int \intd
                                                  {\omega} \frac{ 4 i \omega...
The control sequence at the end of the top line
of your error message was never \def'ed. If you have
misspelled it (e.g., `\hobx'), type `I' and the correct
spelling (e.g., `I\hbox'). Otherwise just continue,
and I'll forget about whatever was undefined.

! Undefined control sequence.
<argument>  4 i \omega ^3 \sfrac 
                                 {\sws {2}{B_\ell }}{\sws {1}{B_\ell }} (-1)...
l.120 ...\emm}{\sws{2}{B^2_\ell} + 9 M^2 \omega^2}
                                                   \bar{\psi}^{5 \circ}_{0, ...
The control sequence at the end of the top line
of your error message was never \def'ed. If you have
misspelled it (e.g., `\hobx'), type `I' and the correct
spelling (e.g., `I\hbox'). Otherwise just continue,
and I'll forget about whatever was undefined.

! Undefined control sequence.
<argument>  4 i \omega ^3 \sfrac {\sws 
                                       {2}{B_\ell }}{\sws {1}{B_\ell }} (-1)...
l.120 ...\emm}{\sws{2}{B^2_\ell} + 9 M^2 \omega^2}
                                                   \bar{\psi}^{5 \circ}_{0, ...
The control sequence at the end of the top line
of your error message was never \def'ed. If you have
misspelled it (e.g., `\hobx'), type `I' and the correct
spelling (e.g., `I\hbox'). Otherwise just continue,
and I'll forget about whatever was undefined.

! Undefined control sequence.
<argument> ... ^3 \sfrac {\sws {2}{B_\ell }}{\sws 
                                                  {1}{B_\ell }} (-1)^\emm 
l.120 ...\emm}{\sws{2}{B^2_\ell} + 9 M^2 \omega^2}
                                                   \bar{\psi}^{5 \circ}_{0, ...
The control sequence at the end of the top line
of your error message was never \def'ed. If you have
misspelled it (e.g., `\hobx'), type `I' and the correct
spelling (e.g., `I\hbox'). Otherwise just continue,
and I'll forget about whatever was undefined.

! Undefined control sequence.
<argument> ...ell }}{\sws {1}{B_\ell }} (-1)^\emm 
                                                  
l.120 ...\emm}{\sws{2}{B^2_\ell} + 9 M^2 \omega^2}
                                                   \bar{\psi}^{5 \circ}_{0, ...
The control sequence at the end of the top line
of your error message was never \def'ed. If you have
misspelled it (e.g., `\hobx'), type `I' and the correct
spelling (e.g., `I\hbox'). Otherwise just continue,
and I'll forget about whatever was undefined.

! Missing { inserted.
<to be read again> 
                   \endgroup 
l.120 ...\emm}{\sws{2}{B^2_\ell} + 9 M^2 \omega^2}
                                                   \bar{\psi}^{5 \circ}_{0, ...
A left brace was mandatory here, so I've put one in.
You might want to delete and/or insert some corrections
so that I will find a matching right brace soon.
(If you're confused by all this, try typing `I}' now.)

! Missing } inserted.
<inserted text> 
                }
l.120 ...\emm}{\sws{2}{B^2_\ell} + 9 M^2 \omega^2}
                                                   \bar{\psi}^{5 \circ}_{0, ...
I've inserted something that you may have forgotten.
(See the <inserted text> above.)
With luck, this will get me unwedged. But if you
really didn't forget anything, try typing `2' now; then
my insertion and my current dilemma will both disappear.

! Undefined control sequence.
<argument> \sws 
                {2}{B^2_\ell } + 9 M^2 \omega ^2
l.120 ...\emm}{\sws{2}{B^2_\ell} + 9 M^2 \omega^2}
                                                   \bar{\psi}^{5 \circ}_{0, ...
The control sequence at the end of the top line
of your error message was never \def'ed. If you have
misspelled it (e.g., `\hobx'), type `I' and the correct
spelling (e.g., `I\hbox'). Otherwise just continue,
and I'll forget about whatever was undefined.

! Undefined control sequence.
l.120 ...ga^2} \bar{\psi}^{5 \circ}_{0, \ell -\emm
                                                  }(- \omega) \sws{-2}{Y_{\e...
The control sequence at the end of the top line
of your error message was never \def'ed. If you have
misspelled it (e.g., `\hobx'), type `I' and the correct
spelling (e.g., `I\hbox'). Otherwise just continue,
and I'll forget about whatever was undefined.

! Undefined control sequence.
l.120 ...^{5 \circ}_{0, \ell -\emm}(- \omega) \sws
                                                  {-2}{Y_{\ell \emm}} (\thet...
The control sequence at the end of the top line
of your error message was never \def'ed. If you have
misspelled it (e.g., `\hobx'), type `I' and the correct
spelling (e.g., `I\hbox'). Otherwise just continue,
and I'll forget about whatever was undefined.

! Undefined control sequence.
l.120 ...ll -\emm}(- \omega) \sws{-2}{Y_{\ell \emm
                                                  }} (\theta, \varphi_\star)...
The control sequence at the end of the top line
of your error message was never \def'ed. If you have
misspelled it (e.g., `\hobx'), type `I' and the correct
spelling (e.g., `I\hbox'). Otherwise just continue,
and I'll forget about whatever was undefined.


Overfull \hbox (259.46254pt too wide) detected at line 121
\OT1/cmr/m/n/10 ^^H[] = [] [] \OML/cmm/m/it/10 ![][]\OT1/cmr/m/n/10 (\OMS/cmsy/
m/n/10 ^^@\OML/cmm/m/it/10 !\OT1/cmr/m/n/10 )[][](\OML/cmm/m/it/10 ^^R; '[]\OT1
/cmr/m/n/10 )\OML/cmm/m/it/10 e[]
 []


Overfull \hbox (20.0pt too wide) in paragraph at lines 123--123
[] 
 []

! Undefined control sequence.
l.124 \Phi^{3 \circ} = e^\circ = \sum_{\ell \emm
                                                } \int \intd{\omega} \frac{-...
The control sequence at the end of the top line
of your error message was never \def'ed. If you have
misspelled it (e.g., `\hobx'), type `I' and the correct
spelling (e.g., `I\hbox'). Otherwise just continue,
and I'll forget about whatever was undefined.

! Undefined control sequence.
l.124 ...} = e^\circ = \sum_{\ell \emm} \int \intd
                                                  {\omega} \frac{-4 \omega^4...
The control sequence at the end of the top line
of your error message was never \def'ed. If you have
misspelled it (e.g., `\hobx'), type `I' and the correct
spelling (e.g., `I\hbox'). Otherwise just continue,
and I'll forget about whatever was undefined.

! Undefined control sequence.
<argument> -4 \omega ^4 (-1)^\emm 
                                  
l.124 ...\emm}{\sws{2}{B^2_\ell} + 9 M^2 \omega^2}
                                                   \bar{\psi}^{5 \circ}_{0, ...
The control sequence at the end of the top line
of your error message was never \def'ed. If you have
misspelled it (e.g., `\hobx'), type `I' and the correct
spelling (e.g., `I\hbox'). Otherwise just continue,
and I'll forget about whatever was undefined.

! Missing { inserted.
<to be read again> 
                   \endgroup 
l.124 ...\emm}{\sws{2}{B^2_\ell} + 9 M^2 \omega^2}
                                                   \bar{\psi}^{5 \circ}_{0, ...
A left brace was mandatory here, so I've put one in.
You might want to delete and/or insert some corrections
so that I will find a matching right brace soon.
(If you're confused by all this, try typing `I}' now.)

! Missing } inserted.
<inserted text> 
                }
l.124 ...\emm}{\sws{2}{B^2_\ell} + 9 M^2 \omega^2}
                                                   \bar{\psi}^{5 \circ}_{0, ...
I've inserted something that you may have forgotten.
(See the <inserted text> above.)
With luck, this will get me unwedged. But if you
really didn't forget anything, try typing `2' now; then
my insertion and my current dilemma will both disappear.

! Undefined control sequence.
<argument> \sws 
                {2}{B^2_\ell } + 9 M^2 \omega ^2
l.124 ...\emm}{\sws{2}{B^2_\ell} + 9 M^2 \omega^2}
                                                   \bar{\psi}^{5 \circ}_{0, ...
The control sequence at the end of the top line
of your error message was never \def'ed. If you have
misspelled it (e.g., `\hobx'), type `I' and the correct
spelling (e.g., `I\hbox'). Otherwise just continue,
and I'll forget about whatever was undefined.

! Undefined control sequence.
l.124 ...ga^2} \bar{\psi}^{5 \circ}_{0, \ell -\emm
                                                  }(-\omega) \sws{-2}{Y_{\el...
The control sequence at the end of the top line
of your error message was never \def'ed. If you have
misspelled it (e.g., `\hobx'), type `I' and the correct
spelling (e.g., `I\hbox'). Otherwise just continue,
and I'll forget about whatever was undefined.

! Undefined control sequence.
l.124 ...}^{5 \circ}_{0, \ell -\emm}(-\omega) \sws
                                                  {-2}{Y_{\ell \emm}} (\thet...
The control sequence at the end of the top line
of your error message was never \def'ed. If you have
misspelled it (e.g., `\hobx'), type `I' and the correct
spelling (e.g., `I\hbox'). Otherwise just continue,
and I'll forget about whatever was undefined.

! Undefined control sequence.
l.124 ...ell -\emm}(-\omega) \sws{-2}{Y_{\ell \emm
                                                  }} (\theta, \varphi_\star)...
The control sequence at the end of the top line
of your error message was never \def'ed. If you have
misspelled it (e.g., `\hobx'), type `I' and the correct
spelling (e.g., `I\hbox'). Otherwise just continue,
and I'll forget about whatever was undefined.


Overfull \hbox (269.75667pt too wide) detected at line 125
\OT1/cmr/m/n/10 ^^H[] = \OML/cmm/m/it/10 e[] \OT1/cmr/m/n/10 = [] [] \OML/cmm/m
/it/10 ![][]\OT1/cmr/m/n/10 (\OMS/cmsy/m/n/10 ^^@\OML/cmm/m/it/10 !\OT1/cmr/m/n
/10 )[][](\OML/cmm/m/it/10 ^^R; '[]\OT1/cmr/m/n/10 )\OML/cmm/m/it/10 e[]
 []


Overfull \hbox (20.0pt too wide) in paragraph at lines 127--127
[] 
 []

! Undefined control sequence.
l.128 \zeta^\circ_m = \sum_{\ell \emm
                                     } \int \intd{\omega} \frac{-2 i \omega^...
The control sequence at the end of the top line
of your error message was never \def'ed. If you have
misspelled it (e.g., `\hobx'), type `I' and the correct
spelling (e.g., `I\hbox'). Otherwise just continue,
and I'll forget about whatever was undefined.

! Undefined control sequence.
l.128 \zeta^\circ_m = \sum_{\ell \emm} \int \intd
                                                 {\omega} \frac{-2 i \omega^...
The control sequence at the end of the top line
of your error message was never \def'ed. If you have
misspelled it (e.g., `\hobx'), type `I' and the correct
spelling (e.g., `I\hbox'). Otherwise just continue,
and I'll forget about whatever was undefined.

! Undefined control sequence.
<argument> -2 i \omega ^3 \sqrt {\sfrac 
                                        {\sws {2}{B_\ell }}{\sws {1}{B_\ell }}}
l.128 ...l}}}}{\sws{2}{B^2_\ell} + 9 M^2 \omega^2}
                                                   \psi^{5 \circ}_{0, \ell \...
The control sequence at the end of the top line
of your error message was never \def'ed. If you have
misspelled it (e.g., `\hobx'), type `I' and the correct
spelling (e.g., `I\hbox'). Otherwise just continue,
and I'll forget about whatever was undefined.

! Undefined control sequence.
<argument> -2 i \omega ^3 \sqrt {\sfrac {\sws 
                                              {2}{B_\ell }}{\sws {1}{B_\ell }}}
l.128 ...l}}}}{\sws{2}{B^2_\ell} + 9 M^2 \omega^2}
                                                   \psi^{5 \circ}_{0, \ell \...
The control sequence at the end of the top line
of your error message was never \def'ed. If you have
misspelled it (e.g., `\hobx'), type `I' and the correct
spelling (e.g., `I\hbox'). Otherwise just continue,
and I'll forget about whatever was undefined.

! Undefined control sequence.
<argument> ...rt {\sfrac {\sws {2}{B_\ell }}{\sws 
                                                  {1}{B_\ell }}}
l.128 ...l}}}}{\sws{2}{B^2_\ell} + 9 M^2 \omega^2}
                                                   \psi^{5 \circ}_{0, \ell \...
The control sequence at the end of the top line
of your error message was never \def'ed. If you have
misspelled it (e.g., `\hobx'), type `I' and the correct
spelling (e.g., `I\hbox'). Otherwise just continue,
and I'll forget about whatever was undefined.

! Undefined control sequence.
<argument> \sws 
                {2}{B^2_\ell } + 9 M^2 \omega ^2
l.128 ...l}}}}{\sws{2}{B^2_\ell} + 9 M^2 \omega^2}
                                                   \psi^{5 \circ}_{0, \ell \...
The control sequence at the end of the top line
of your error message was never \def'ed. If you have
misspelled it (e.g., `\hobx'), type `I' and the correct
spelling (e.g., `I\hbox'). Otherwise just continue,
and I'll forget about whatever was undefined.

! Undefined control sequence.
l.128 ...^2 \omega^2} \psi^{5 \circ}_{0, \ell \emm
                                                  }(\omega) \sws{+1}{Y_{\ell...
The control sequence at the end of the top line
of your error message was never \def'ed. If you have
misspelled it (e.g., `\hobx'), type `I' and the correct
spelling (e.g., `I\hbox'). Otherwise just continue,
and I'll forget about whatever was undefined.

! Undefined control sequence.
l.128 ...psi^{5 \circ}_{0, \ell \emm}(\omega) \sws
                                                  {+1}{Y_{\ell \emm}} (\thet...
The control sequence at the end of the top line
of your error message was never \def'ed. If you have
misspelled it (e.g., `\hobx'), type `I' and the correct
spelling (e.g., `I\hbox'). Otherwise just continue,
and I'll forget about whatever was undefined.

! Undefined control sequence.
l.128 ... \ell \emm}(\omega) \sws{+1}{Y_{\ell \emm
                                                  }} (\theta, \varphi_\star)...
The control sequence at the end of the top line
of your error message was never \def'ed. If you have
misspelled it (e.g., `\hobx'), type `I' and the correct
spelling (e.g., `I\hbox'). Otherwise just continue,
and I'll forget about whatever was undefined.


Overfull \hbox (236.6558pt too wide) detected at line 129
\OML/cmm/m/it/10 ^^P[] \OT1/cmr/m/n/10 = [] [] \OML/cmm/m/it/10 ![] []\OT1/cmr/
m/n/10 (\OML/cmm/m/it/10 !\OT1/cmr/m/n/10 )[][](\OML/cmm/m/it/10 ^^R; '[]\OT1/c
mr/m/n/10 )\OML/cmm/m/it/10 e[]
 []


Overfull \hbox (20.0pt too wide) in paragraph at lines 131--131
[] 
 []

! Undefined control sequence.
l.132 \zeta^\circ_l = \sum_{\ell \emm
                                     } \int \intd{\omega} \frac{\omega^2 \sq...
The control sequence at the end of the top line
of your error message was never \def'ed. If you have
misspelled it (e.g., `\hobx'), type `I' and the correct
spelling (e.g., `I\hbox'). Otherwise just continue,
and I'll forget about whatever was undefined.

! Undefined control sequence.
l.132 \zeta^\circ_l = \sum_{\ell \emm} \int \intd
                                                 {\omega} \frac{\omega^2 \sq...
The control sequence at the end of the top line
of your error message was never \def'ed. If you have
misspelled it (e.g., `\hobx'), type `I' and the correct
spelling (e.g., `I\hbox'). Otherwise just continue,
and I'll forget about whatever was undefined.

! Undefined control sequence.
<argument> \omega ^2 \sqrt {\sws 
                                 {2}{B_\ell }}
l.132 ...ll}}}{\sws{2}{B^2_\ell} + 9 M^2 \omega^2}
                                                   \psi^{5 \circ}_{0, \ell \...
The control sequence at the end of the top line
of your error message was never \def'ed. If you have
misspelled it (e.g., `\hobx'), type `I' and the correct
spelling (e.g., `I\hbox'). Otherwise just continue,
and I'll forget about whatever was undefined.

! Undefined control sequence.
<argument> \sws 
                {2}{B^2_\ell } + 9 M^2 \omega ^2
l.132 ...ll}}}{\sws{2}{B^2_\ell} + 9 M^2 \omega^2}
                                                   \psi^{5 \circ}_{0, \ell \...
The control sequence at the end of the top line
of your error message was never \def'ed. If you have
misspelled it (e.g., `\hobx'), type `I' and the correct
spelling (e.g., `I\hbox'). Otherwise just continue,
and I'll forget about whatever was undefined.

! Undefined control sequence.
l.132 ...^2 \omega^2} \psi^{5 \circ}_{0, \ell \emm
                                                  }(\omega) \sws{0}{Y_{\ell ...
The control sequence at the end of the top line
of your error message was never \def'ed. If you have
misspelled it (e.g., `\hobx'), type `I' and the correct
spelling (e.g., `I\hbox'). Otherwise just continue,
and I'll forget about whatever was undefined.

! Undefined control sequence.
l.132 ...psi^{5 \circ}_{0, \ell \emm}(\omega) \sws
                                                  {0}{Y_{\ell \emm}} (\theta...
The control sequence at the end of the top line
of your error message was never \def'ed. If you have
misspelled it (e.g., `\hobx'), type `I' and the correct
spelling (e.g., `I\hbox'). Otherwise just continue,
and I'll forget about whatever was undefined.

! Undefined control sequence.
l.132 ..., \ell \emm}(\omega) \sws{0}{Y_{\ell \emm
                                                  }} (\theta, \varphi_\star)...
The control sequence at the end of the top line
of your error message was never \def'ed. If you have
misspelled it (e.g., `\hobx'), type `I' and the correct
spelling (e.g., `I\hbox'). Otherwise just continue,
and I'll forget about whatever was undefined.


Overfull \hbox (238.47954pt too wide) detected at line 133
\OML/cmm/m/it/10 ^^P[] \OT1/cmr/m/n/10 = [] [] \OML/cmm/m/it/10 ![] []\OT1/cmr/
m/n/10 (\OML/cmm/m/it/10 !\OT1/cmr/m/n/10 )0[](\OML/cmm/m/it/10 ^^R; '[]\OT1/cm
r/m/n/10 )\OML/cmm/m/it/10 e[] \OT1/cmr/m/n/10 + \OML/cmm/m/it/10 cc:
 []


Overfull \hbox (20.0pt too wide) in paragraph at lines 135--135
[] 
 []

! Undefined control sequence.
l.136 \zeta^\circ_n = \sum_{\ell \emm
                                     } \int \intd{\omega} \frac{-\omega^2 \s...
The control sequence at the end of the top line
of your error message was never \def'ed. If you have
misspelled it (e.g., `\hobx'), type `I' and the correct
spelling (e.g., `I\hbox'). Otherwise just continue,
and I'll forget about whatever was undefined.

! Undefined control sequence.
l.136 \zeta^\circ_n = \sum_{\ell \emm} \int \intd
                                                 {\omega} \frac{-\omega^2 \s...
The control sequence at the end of the top line
of your error message was never \def'ed. If you have
misspelled it (e.g., `\hobx'), type `I' and the correct
spelling (e.g., `I\hbox'). Otherwise just continue,
and I'll forget about whatever was undefined.

! Undefined control sequence.
<argument> -\omega ^2 \sqrt {\sws 
                                  {2}{B_\ell }}
l.136 ...ll}}}{\sws{2}{B^2_\ell} + 9 M^2 \omega^2}
                                                   \left( \sws{1}{B_\ell} + ...
The control sequence at the end of the top line
of your error message was never \def'ed. If you have
misspelled it (e.g., `\hobx'), type `I' and the correct
spelling (e.g., `I\hbox'). Otherwise just continue,
and I'll forget about whatever was undefined.

! Undefined control sequence.
<argument> \sws 
                {2}{B^2_\ell } + 9 M^2 \omega ^2
l.136 ...ll}}}{\sws{2}{B^2_\ell} + 9 M^2 \omega^2}
                                                   \left( \sws{1}{B_\ell} + ...
The control sequence at the end of the top line
of your error message was never \def'ed. If you have
misspelled it (e.g., `\hobx'), type `I' and the correct
spelling (e.g., `I\hbox'). Otherwise just continue,
and I'll forget about whatever was undefined.

! Undefined control sequence.
l.136 ...}{B^2_\ell} + 9 M^2 \omega^2} \left( \sws
                                                  {1}{B_\ell} + \frac{1}{2} ...
The control sequence at the end of the top line
of your error message was never \def'ed. If you have
misspelled it (e.g., `\hobx'), type `I' and the correct
spelling (e.g., `I\hbox'). Otherwise just continue,
and I'll forget about whatever was undefined.

! Undefined control sequence.
l.136 ...1}{2} \right)\psi^{5 \circ}_{0, \ell \emm
                                                  }(\omega) \sws{0}{Y_{\ell ...
The control sequence at the end of the top line
of your error message was never \def'ed. If you have
misspelled it (e.g., `\hobx'), type `I' and the correct
spelling (e.g., `I\hbox'). Otherwise just continue,
and I'll forget about whatever was undefined.

! Undefined control sequence.
l.136 ...psi^{5 \circ}_{0, \ell \emm}(\omega) \sws
                                                  {0}{Y_{\ell \emm}} (\theta...
The control sequence at the end of the top line
of your error message was never \def'ed. If you have
misspelled it (e.g., `\hobx'), type `I' and the correct
spelling (e.g., `I\hbox'). Otherwise just continue,
and I'll forget about whatever was undefined.

! Undefined control sequence.
l.136 ..., \ell \emm}(\omega) \sws{0}{Y_{\ell \emm
                                                  }} (\theta, \varphi_\star)...
The control sequence at the end of the top line
of your error message was never \def'ed. If you have
misspelled it (e.g., `\hobx'), type `I' and the correct
spelling (e.g., `I\hbox'). Otherwise just continue,
and I'll forget about whatever was undefined.


Overfull \hbox (292.69785pt too wide) detected at line 137
\OML/cmm/m/it/10 ^^P[] \OT1/cmr/m/n/10 = [] [] \OML/cmm/m/it/10 ![] []  []\OT1/
cmr/m/n/10 (\OML/cmm/m/it/10 !\OT1/cmr/m/n/10 )0[](\OML/cmm/m/it/10 ^^R; '[]\OT
1/cmr/m/n/10 )\OML/cmm/m/it/10 e[] \OT1/cmr/m/n/10 + \OML/cmm/m/it/10 cc:
 []

)
! Emergency stop.
<*> section-2.tex
                 
*** (job aborted, no legal \end found)

 
Here is how much of TeX's memory you used:
 36 strings out of 467341
 690 string characters out of 5419596
 459244 words of memory out of 5000000
 29227 multiletter control sequences out of 15000+600000
 628029 words of font info for 41 fonts, out of 8000000 for 9000
 1141 hyphenation exceptions out of 8191
 27i,6n,31p,593b,123s stack positions out of 10000i,1000n,20000p,200000b,200000s
!  ==> Fatal error occurred, no output PDF file produced!
